,T,U,pH,P_H2,P_CO2,P_H2O,P_CO,kappa
0,298.15,0.0,0.0,101325.0,101325.0,3534.0,5562.0,0.0
1,298.15,-0.1,0.0,101325.0,101325.0,3534.0,5562.0,0.0
2,298.15,-0.2,0.0,101325.0,101325.0,3534.0,5562.0,0.0
3,298.15,-0.3,0.0,101325.0,101325.0,3534.0,5562.0,0.0
4,298.15,-0.4,0.0,101325.0,101325.0,3534.0,5562.0,0.0
5,298.15,-0.5,0.0,101325.0,101325.0,3534.0,5562.0,0.0
6,298.15,-0.6,0.0,101325.0,101325.0,3534.0,5562.0,0.0
7,298.15,-0.7,0.0,101325.0,101325.0,3534.0,5562.0,0.0
8,298.15,-0.8,0.0,101325.0,101325.0,3534.0,5562.0,0.0
9,398.15,0.0,0.0,101325.0,101325.0,3534.0,5562.0,0.0
10,398.15,-0.1,0.0,101325.0,101325.0,3534.0,5562.0,0.0
11,398.15,-0.2,0.0,101325.0,101325.0,3534.0,5562.0,0.0
12,398.15,-0.3,0.0,101325.0,101325.0,3534.0,5562.0,0.0
13,398.15,-0.4,0.0,101325.0,101325.0,3534.0,5562.0,0.0
14,398.15,-0.5,0.0,101325.0,101325.0,3534.0,5562.0,0.0
15,398.15,-0.6,0.0,101325.0,101325.0,3534.0,5562.0,0.0
16,398.15,-0.7,0.0,101325.0,101325.0,3534.0,5562.0,0.0
17,398.15,-0.8,0.0,101325.0,101325.0,3534.0,5562.0,0.0
18,298.15,0.0,1.0,101325.0,101325.0,3534.0,5562.0,0.0
19,298.15,-0.1,1.0,101325.0,101325.0,3534.0,5562.0,0.0
20,298.15,-0.2,1.0,101325.0,101325.0,3534.0,5562.0,0.0
21,298.15,-0.3,1.0,101325.0,101325.0,3534.0,5562.0,0.0
22,298.15,-0.4,1.0,101325.0,101325.0,3534.0,5562.0,0.0
23,298.15,-0.5,1.0,101325.0,101325.0,3534.0,5562.0,0.0
24,298.15,-0.6,1.0,101325.0,101325.0,3534.0,5562.0,0.0
25,298.15,-0.7,1.0,101325.0,101325.0,3534.0,5562.0,0.0
26,298.15,-0.8,1.0,101325.0,101325.0,3534.0,5562.0,0.0
27,398.15,0.0,1.0,101325.0,101325.0,3534.0,5562.0,0.0
28,398.15,-0.1,1.0,101325.0,101325.0,3534.0,5562.0,0.0
29,398.15,-0.2,1.0,101325.0,101325.0,3534.0,5562.0,0.0
30,398.15,-0.3,1.0,101325.0,101325.0,3534.0,5562.0,0.0
31,398.15,-0.4,1.0,101325.0,101325.0,3534.0,5562.0,0.0
32,398.15,-0.5,1.0,101325.0,101325.0,3534.0,5562.0,0.0
33,398.15,-0.6,1.0,101325.0,101325.0,3534.0,5562.0,0.0
34,398.15,-0.7,1.0,101325.0,101325.0,3534.0,5562.0,0.0
35,398.15,-0.8,1.0,101325.0,101325.0,3534.0,5562.0,0.0
36,298.15,0.0,2.0,101325.0,101325.0,3534.0,5562.0,0.0
37,298.15,-0.1,2.0,101325.0,101325.0,3534.0,5562.0,0.0
38,298.15,-0.2,2.0,101325.0,101325.0,3534.0,5562.0,0.0
39,298.15,-0.3,2.0,101325.0,101325.0,3534.0,5562.0,0.0
40,298.15,-0.4,2.0,101325.0,101325.0,3534.0,5562.0,0.0
41,298.15,-0.5,2.0,101325.0,101325.0,3534.0,5562.0,0.0
42,298.15,-0.6,2.0,101325.0,101325.0,3534.0,5562.0,0.0
43,298.15,-0.7,2.0,101325.0,101325.0,3534.0,5562.0,0.0
44,298.15,-0.8,2.0,101325.0,101325.0,3534.0,5562.0,0.0
45,398.15,0.0,2.0,101325.0,101325.0,3534.0,5562.0,0.0
46,398.15,-0.1,2.0,101325.0,101325.0,3534.0,5562.0,0.0
47,398.15,-0.2,2.0,101325.0,101325.0,3534.0,5562.0,0.0
48,398.15,-0.3,2.0,101325.0,101325.0,3534.0,5562.0,0.0
49,398.15,-0.4,2.0,101325.0,101325.0,3534.0,5562.0,0.0
50,398.15,-0.5,2.0,101325.0,101325.0,3534.0,5562.0,0.0
51,398.15,-0.6,2.0,101325.0,101325.0,3534.0,5562.0,0.0
52,398.15,-0.7,2.0,101325.0,101325.0,3534.0,5562.0,0.0
53,398.15,-0.8,2.0,101325.0,101325.0,3534.0,5562.0,0.0
54,298.15,0.0,3.0,101325.0,101325.0,3534.0,5562.0,0.0
55,298.15,-0.1,3.0,101325.0,101325.0,3534.0,5562.0,0.0
56,298.15,-0.2,3.0,101325.0,101325.0,3534.0,5562.0,0.0
57,298.15,-0.3,3.0,101325.0,101325.0,3534.0,5562.0,0.0
58,298.15,-0.4,3.0,101325.0,101325.0,3534.0,5562.0,0.0
59,298.15,-0.5,3.0,101325.0,101325.0,3534.0,5562.0,0.0
60,298.15,-0.6,3.0,101325.0,101325.0,3534.0,5562.0,0.0
61,298.15,-0.7,3.0,101325.0,101325.0,3534.0,5562.0,0.0
62,298.15,-0.8,3.0,101325.0,101325.0,3534.0,5562.0,0.0
63,398.15,0.0,3.0,101325.0,101325.0,3534.0,5562.0,0.0
64,398.15,-0.1,3.0,101325.0,101325.0,3534.0,5562.0,0.0
65,398.15,-0.2,3.0,101325.0,101325.0,3534.0,5562.0,0.0
66,398.15,-0.3,3.0,101325.0,101325.0,3534.0,5562.0,0.0
67,398.15,-0.4,3.0,101325.0,101325.0,3534.0,5562.0,0.0
68,398.15,-0.5,3.0,101325.0,101325.0,3534.0,5562.0,0.0
69,398.15,-0.6,3.0,101325.0,101325.0,3534.0,5562.0,0.0
70,398.15,-0.7,3.0,101325.0,101325.0,3534.0,5562.0,0.0
71,398.15,-0.8,3.0,101325.0,101325.0,3534.0,5562.0,0.0
72,298.15,0.0,4.0,101325.0,101325.0,3534.0,5562.0,0.0
73,298.15,-0.1,4.0,101325.0,101325.0,3534.0,5562.0,0.0
74,298.15,-0.2,4.0,101325.0,101325.0,3534.0,5562.0,0.0
75,298.15,-0.3,4.0,101325.0,101325.0,3534.0,5562.0,0.0
76,298.15,-0.4,4.0,101325.0,101325.0,3534.0,5562.0,0.0
77,298.15,-0.5,4.0,101325.0,101325.0,3534.0,5562.0,0.0
78,298.15,-0.6,4.0,101325.0,101325.0,3534.0,5562.0,0.0
79,298.15,-0.7,4.0,101325.0,101325.0,3534.0,5562.0,0.0
80,298.15,-0.8,4.0,101325.0,101325.0,3534.0,5562.0,0.0
81,398.15,0.0,4.0,101325.0,101325.0,3534.0,5562.0,0.0
82,398.15,-0.1,4.0,101325.0,101325.0,3534.0,5562.0,0.0
83,398.15,-0.2,4.0,101325.0,101325.0,3534.0,5562.0,0.0
84,398.15,-0.3,4.0,101325.0,101325.0,3534.0,5562.0,0.0
85,398.15,-0.4,4.0,101325.0,101325.0,3534.0,5562.0,0.0
86,398.15,-0.5,4.0,101325.0,101325.0,3534.0,5562.0,0.0
87,398.15,-0.6,4.0,101325.0,101325.0,3534.0,5562.0,0.0
88,398.15,-0.7,4.0,101325.0,101325.0,3534.0,5562.0,0.0
89,398.15,-0.8,4.0,101325.0,101325.0,3534.0,5562.0,0.0
90,298.15,0.0,5.0,101325.0,101325.0,3534.0,5562.0,0.0
91,298.15,-0.1,5.0,101325.0,101325.0,3534.0,5562.0,0.0
92,298.15,-0.2,5.0,101325.0,101325.0,3534.0,5562.0,0.0
93,298.15,-0.3,5.0,101325.0,101325.0,3534.0,5562.0,0.0
94,298.15,-0.4,5.0,101325.0,101325.0,3534.0,5562.0,0.0
95,298.15,-0.5,5.0,101325.0,101325.0,3534.0,5562.0,0.0
96,298.15,-0.6,5.0,101325.0,101325.0,3534.0,5562.0,0.0
97,298.15,-0.7,5.0,101325.0,101325.0,3534.0,5562.0,0.0
98,298.15,-0.8,5.0,101325.0,101325.0,3534.0,5562.0,0.0
99,398.15,0.0,5.0,101325.0,101325.0,3534.0,5562.0,0.0
100,398.15,-0.1,5.0,101325.0,101325.0,3534.0,5562.0,0.0
101,398.15,-0.2,5.0,101325.0,101325.0,3534.0,5562.0,0.0
102,398.15,-0.3,5.0,101325.0,101325.0,3534.0,5562.0,0.0
103,398.15,-0.4,5.0,101325.0,101325.0,3534.0,5562.0,0.0
104,398.15,-0.5,5.0,101325.0,101325.0,3534.0,5562.0,0.0
105,398.15,-0.6,5.0,101325.0,101325.0,3534.0,5562.0,0.0
106,398.15,-0.7,5.0,101325.0,101325.0,3534.0,5562.0,0.0
107,398.15,-0.8,5.0,101325.0,101325.0,3534.0,5562.0,0.0
108,298.15,0.0,6.0,101325.0,101325.0,3534.0,5562.0,0.0
109,298.15,-0.1,6.0,101325.0,101325.0,3534.0,5562.0,0.0
110,298.15,-0.2,6.0,101325.0,101325.0,3534.0,5562.0,0.0
111,298.15,-0.3,6.0,101325.0,101325.0,3534.0,5562.0,0.0
112,298.15,-0.4,6.0,101325.0,101325.0,3534.0,5562.0,0.0
113,298.15,-0.5,6.0,101325.0,101325.0,3534.0,5562.0,0.0
114,298.15,-0.6,6.0,101325.0,101325.0,3534.0,5562.0,0.0
115,298.15,-0.7,6.0,101325.0,101325.0,3534.0,5562.0,0.0
116,298.15,-0.8,6.0,101325.0,101325.0,3534.0,5562.0,0.0
117,398.15,0.0,6.0,101325.0,101325.0,3534.0,5562.0,0.0
118,398.15,-0.1,6.0,101325.0,101325.0,3534.0,5562.0,0.0
119,398.15,-0.2,6.0,101325.0,101325.0,3534.0,5562.0,0.0
120,398.15,-0.3,6.0,101325.0,101325.0,3534.0,5562.0,0.0
121,398.15,-0.4,6.0,101325.0,101325.0,3534.0,5562.0,0.0
122,398.15,-0.5,6.0,101325.0,101325.0,3534.0,5562.0,0.0
123,398.15,-0.6,6.0,101325.0,101325.0,3534.0,5562.0,0.0
124,398.15,-0.7,6.0,101325.0,101325.0,3534.0,5562.0,0.0
125,398.15,-0.8,6.0,101325.0,101325.0,3534.0,5562.0,0.0
126,298.15,0.0,7.0,101325.0,101325.0,3534.0,5562.0,0.0
127,298.15,-0.1,7.0,101325.0,101325.0,3534.0,5562.0,0.0
128,298.15,-0.2,7.0,101325.0,101325.0,3534.0,5562.0,0.0
129,298.15,-0.3,7.0,101325.0,101325.0,3534.0,5562.0,0.0
130,298.15,-0.4,7.0,101325.0,101325.0,3534.0,5562.0,0.0
131,298.15,-0.5,7.0,101325.0,101325.0,3534.0,5562.0,0.0
132,298.15,-0.6,7.0,101325.0,101325.0,3534.0,5562.0,0.0
133,298.15,-0.7,7.0,101325.0,101325.0,3534.0,5562.0,0.0
134,298.15,-0.8,7.0,101325.0,101325.0,3534.0,5562.0,0.0
135,398.15,0.0,7.0,101325.0,101325.0,3534.0,5562.0,0.0
136,398.15,-0.1,7.0,101325.0,101325.0,3534.0,5562.0,0.0
137,398.15,-0.2,7.0,101325.0,101325.0,3534.0,5562.0,0.0
138,398.15,-0.3,7.0,101325.0,101325.0,3534.0,5562.0,0.0
139,398.15,-0.4,7.0,101325.0,101325.0,3534.0,5562.0,0.0
140,398.15,-0.5,7.0,101325.0,101325.0,3534.0,5562.0,0.0
141,398.15,-0.6,7.0,101325.0,101325.0,3534.0,5562.0,0.0
142,398.15,-0.7,7.0,101325.0,101325.0,3534.0,5562.0,0.0
143,398.15,-0.8,7.0,101325.0,101325.0,3534.0,5562.0,0.0
144,298.15,0.0,8.0,101325.0,101325.0,3534.0,5562.0,0.0
145,298.15,-0.1,8.0,101325.0,101325.0,3534.0,5562.0,0.0
146,298.15,-0.2,8.0,101325.0,101325.0,3534.0,5562.0,0.0
147,298.15,-0.3,8.0,101325.0,101325.0,3534.0,5562.0,0.0
148,298.15,-0.4,8.0,101325.0,101325.0,3534.0,5562.0,0.0
149,298.15,-0.5,8.0,101325.0,101325.0,3534.0,5562.0,0.0
150,298.15,-0.6,8.0,101325.0,101325.0,3534.0,5562.0,0.0
151,298.15,-0.7,8.0,101325.0,101325.0,3534.0,5562.0,0.0
152,298.15,-0.8,8.0,101325.0,101325.0,3534.0,5562.0,0.0
153,398.15,0.0,8.0,101325.0,101325.0,3534.0,5562.0,0.0
154,398.15,-0.1,8.0,101325.0,101325.0,3534.0,5562.0,0.0
155,398.15,-0.2,8.0,101325.0,101325.0,3534.0,5562.0,0.0
156,398.15,-0.3,8.0,101325.0,101325.0,3534.0,5562.0,0.0
157,398.15,-0.4,8.0,101325.0,101325.0,3534.0,5562.0,0.0
158,398.15,-0.5,8.0,101325.0,101325.0,3534.0,5562.0,0.0
159,398.15,-0.6,8.0,101325.0,101325.0,3534.0,5562.0,0.0
160,398.15,-0.7,8.0,101325.0,101325.0,3534.0,5562.0,0.0
161,398.15,-0.8,8.0,101325.0,101325.0,3534.0,5562.0,0.0
162,298.15,0.0,9.0,101325.0,101325.0,3534.0,5562.0,0.0
163,298.15,-0.1,9.0,101325.0,101325.0,3534.0,5562.0,0.0
164,298.15,-0.2,9.0,101325.0,101325.0,3534.0,5562.0,0.0
165,298.15,-0.3,9.0,101325.0,101325.0,3534.0,5562.0,0.0
166,298.15,-0.4,9.0,101325.0,101325.0,3534.0,5562.0,0.0
167,298.15,-0.5,9.0,101325.0,101325.0,3534.0,5562.0,0.0
168,298.15,-0.6,9.0,101325.0,101325.0,3534.0,5562.0,0.0
169,298.15,-0.7,9.0,101325.0,101325.0,3534.0,5562.0,0.0
170,298.15,-0.8,9.0,101325.0,101325.0,3534.0,5562.0,0.0
171,398.15,0.0,9.0,101325.0,101325.0,3534.0,5562.0,0.0
172,398.15,-0.1,9.0,101325.0,101325.0,3534.0,5562.0,0.0
173,398.15,-0.2,9.0,101325.0,101325.0,3534.0,5562.0,0.0
174,398.15,-0.3,9.0,101325.0,101325.0,3534.0,5562.0,0.0
175,398.15,-0.4,9.0,101325.0,101325.0,3534.0,5562.0,0.0
176,398.15,-0.5,9.0,101325.0,101325.0,3534.0,5562.0,0.0
177,398.15,-0.6,9.0,101325.0,101325.0,3534.0,5562.0,0.0
178,398.15,-0.7,9.0,101325.0,101325.0,3534.0,5562.0,0.0
179,398.15,-0.8,9.0,101325.0,101325.0,3534.0,5562.0,0.0
180,298.15,0.0,10.0,101325.0,101325.0,3534.0,5562.0,0.0
181,298.15,-0.1,10.0,101325.0,101325.0,3534.0,5562.0,0.0
182,298.15,-0.2,10.0,101325.0,101325.0,3534.0,5562.0,0.0
183,298.15,-0.3,10.0,101325.0,101325.0,3534.0,5562.0,0.0
184,298.15,-0.4,10.0,101325.0,101325.0,3534.0,5562.0,0.0
185,298.15,-0.5,10.0,101325.0,101325.0,3534.0,5562.0,0.0
186,298.15,-0.6,10.0,101325.0,101325.0,3534.0,5562.0,0.0
187,298.15,-0.7,10.0,101325.0,101325.0,3534.0,5562.0,0.0
188,298.15,-0.8,10.0,101325.0,101325.0,3534.0,5562.0,0.0
189,398.15,0.0,10.0,101325.0,101325.0,3534.0,5562.0,0.0
190,398.15,-0.1,10.0,101325.0,101325.0,3534.0,5562.0,0.0
191,398.15,-0.2,10.0,101325.0,101325.0,3534.0,5562.0,0.0
192,398.15,-0.3,10.0,101325.0,101325.0,3534.0,5562.0,0.0
193,398.15,-0.4,10.0,101325.0,101325.0,3534.0,5562.0,0.0
194,398.15,-0.5,10.0,101325.0,101325.0,3534.0,5562.0,0.0
195,398.15,-0.6,10.0,101325.0,101325.0,3534.0,5562.0,0.0
196,398.15,-0.7,10.0,101325.0,101325.0,3534.0,5562.0,0.0
197,398.15,-0.8,10.0,101325.0,101325.0,3534.0,5562.0,0.0
198,298.15,0.0,11.0,101325.0,101325.0,3534.0,5562.0,0.0
199,298.15,-0.1,11.0,101325.0,101325.0,3534.0,5562.0,0.0
200,298.15,-0.2,11.0,101325.0,101325.0,3534.0,5562.0,0.0
201,298.15,-0.3,11.0,101325.0,101325.0,3534.0,5562.0,0.0
202,298.15,-0.4,11.0,101325.0,101325.0,3534.0,5562.0,0.0
203,298.15,-0.5,11.0,101325.0,101325.0,3534.0,5562.0,0.0
204,298.15,-0.6,11.0,101325.0,101325.0,3534.0,5562.0,0.0
205,298.15,-0.7,11.0,101325.0,101325.0,3534.0,5562.0,0.0
206,298.15,-0.8,11.0,101325.0,101325.0,3534.0,5562.0,0.0
207,398.15,0.0,11.0,101325.0,101325.0,3534.0,5562.0,0.0
208,398.15,-0.1,11.0,101325.0,101325.0,3534.0,5562.0,0.0
209,398.15,-0.2,11.0,101325.0,101325.0,3534.0,5562.0,0.0
210,398.15,-0.3,11.0,101325.0,101325.0,3534.0,5562.0,0.0
211,398.15,-0.4,11.0,101325.0,101325.0,3534.0,5562.0,0.0
212,398.15,-0.5,11.0,101325.0,101325.0,3534.0,5562.0,0.0
213,398.15,-0.6,11.0,101325.0,101325.0,3534.0,5562.0,0.0
214,398.15,-0.7,11.0,101325.0,101325.0,3534.0,5562.0,0.0
215,398.15,-0.8,11.0,101325.0,101325.0,3534.0,5562.0,0.0
216,298.15,0.0,12.0,101325.0,101325.0,3534.0,5562.0,0.0
217,298.15,-0.1,12.0,101325.0,101325.0,3534.0,5562.0,0.0
218,298.15,-0.2,12.0,101325.0,101325.0,3534.0,5562.0,0.0
219,298.15,-0.3,12.0,101325.0,101325.0,3534.0,5562.0,0.0
220,298.15,-0.4,12.0,101325.0,101325.0,3534.0,5562.0,0.0
221,298.15,-0.5,12.0,101325.0,101325.0,3534.0,5562.0,0.0
222,298.15,-0.6,12.0,101325.0,101325.0,3534.0,5562.0,0.0
223,298.15,-0.7,12.0,101325.0,101325.0,3534.0,5562.0,0.0
224,298.15,-0.8,12.0,101325.0,101325.0,3534.0,5562.0,0.0
225,398.15,0.0,12.0,101325.0,101325.0,3534.0,5562.0,0.0
226,398.15,-0.1,12.0,101325.0,101325.0,3534.0,5562.0,0.0
227,398.15,-0.2,12.0,101325.0,101325.0,3534.0,5562.0,0.0
228,398.15,-0.3,12.0,101325.0,101325.0,3534.0,5562.0,0.0
229,398.15,-0.4,12.0,101325.0,101325.0,3534.0,5562.0,0.0
230,398.15,-0.5,12.0,101325.0,101325.0,3534.0,5562.0,0.0
231,398.15,-0.6,12.0,101325.0,101325.0,3534.0,5562.0,0.0
232,398.15,-0.7,12.0,101325.0,101325.0,3534.0,5562.0,0.0
233,398.15,-0.8,12.0,101325.0,101325.0,3534.0,5562.0,0.0
234,298.15,0.0,13.0,101325.0,101325.0,3534.0,5562.0,0.0
235,298.15,-0.1,13.0,101325.0,101325.0,3534.0,5562.0,0.0
236,298.15,-0.2,13.0,101325.0,101325.0,3534.0,5562.0,0.0
237,298.15,-0.3,13.0,101325.0,101325.0,3534.0,5562.0,0.0
238,298.15,-0.4,13.0,101325.0,101325.0,3534.0,5562.0,0.0
239,298.15,-0.5,13.0,101325.0,101325.0,3534.0,5562.0,0.0
240,298.15,-0.6,13.0,101325.0,101325.0,3534.0,5562.0,0.0
241,298.15,-0.7,13.0,101325.0,101325.0,3534.0,5562.0,0.0
242,298.15,-0.8,13.0,101325.0,101325.0,3534.0,5562.0,0.0
243,398.15,0.0,13.0,101325.0,101325.0,3534.0,5562.0,0.0
244,398.15,-0.1,13.0,101325.0,101325.0,3534.0,5562.0,0.0
245,398.15,-0.2,13.0,101325.0,101325.0,3534.0,5562.0,0.0
246,398.15,-0.3,13.0,101325.0,101325.0,3534.0,5562.0,0.0
247,398.15,-0.4,13.0,101325.0,101325.0,3534.0,5562.0,0.0
248,398.15,-0.5,13.0,101325.0,101325.0,3534.0,5562.0,0.0
249,398.15,-0.6,13.0,101325.0,101325.0,3534.0,5562.0,0.0
250,398.15,-0.7,13.0,101325.0,101325.0,3534.0,5562.0,0.0
251,398.15,-0.8,13.0,101325.0,101325.0,3534.0,5562.0,0.0
252,298.15,0.0,14.0,101325.0,101325.0,3534.0,5562.0,0.0
253,298.15,-0.1,14.0,101325.0,101325.0,3534.0,5562.0,0.0
254,298.15,-0.2,14.0,101325.0,101325.0,3534.0,5562.0,0.0
255,298.15,-0.3,14.0,101325.0,101325.0,3534.0,5562.0,0.0
256,298.15,-0.4,14.0,101325.0,101325.0,3534.0,5562.0,0.0
257,298.15,-0.5,14.0,101325.0,101325.0,3534.0,5562.0,0.0
258,298.15,-0.6,14.0,101325.0,101325.0,3534.0,5562.0,0.0
259,298.15,-0.7,14.0,101325.0,101325.0,3534.0,5562.0,0.0
260,298.15,-0.8,14.0,101325.0,101325.0,3534.0,5562.0,0.0
261,398.15,0.0,14.0,101325.0,101325.0,3534.0,5562.0,0.0
262,398.15,-0.1,14.0,101325.0,101325.0,3534.0,5562.0,0.0
263,398.15,-0.2,14.0,101325.0,101325.0,3534.0,5562.0,0.0
264,398.15,-0.3,14.0,101325.0,101325.0,3534.0,5562.0,0.0
265,398.15,-0.4,14.0,101325.0,101325.0,3534.0,5562.0,0.0
266,398.15,-0.5,14.0,101325.0,101325.0,3534.0,5562.0,0.0
267,398.15,-0.6,14.0,101325.0,101325.0,3534.0,5562.0,0.0
268,398.15,-0.7,14.0,101325.0,101325.0,3534.0,5562.0,0.0
269,398.15,-0.8,14.0,101325.0,101325.0,3534.0,5562.0,0.0
270,298.15,0.0,0.0,101325.0,101325.0,3534.0,5562.0,1.0
271,298.15,-0.1,0.0,101325.0,101325.0,3534.0,5562.0,1.0
272,298.15,-0.2,0.0,101325.0,101325.0,3534.0,5562.0,1.0
273,298.15,-0.3,0.0,101325.0,101325.0,3534.0,5562.0,1.0
274,298.15,-0.4,0.0,101325.0,101325.0,3534.0,5562.0,1.0
275,298.15,-0.5,0.0,101325.0,101325.0,3534.0,5562.0,1.0
276,298.15,-0.6,0.0,101325.0,101325.0,3534.0,5562.0,1.0
277,298.15,-0.7,0.0,101325.0,101325.0,3534.0,5562.0,1.0
278,298.15,-0.8,0.0,101325.0,101325.0,3534.0,5562.0,1.0
279,398.15,0.0,0.0,101325.0,101325.0,3534.0,5562.0,1.0
280,398.15,-0.1,0.0,101325.0,101325.0,3534.0,5562.0,1.0
281,398.15,-0.2,0.0,101325.0,101325.0,3534.0,5562.0,1.0
282,398.15,-0.3,0.0,101325.0,101325.0,3534.0,5562.0,1.0
283,398.15,-0.4,0.0,101325.0,101325.0,3534.0,5562.0,1.0
284,398.15,-0.5,0.0,101325.0,101325.0,3534.0,5562.0,1.0
285,398.15,-0.6,0.0,101325.0,101325.0,3534.0,5562.0,1.0
286,398.15,-0.7,0.0,101325.0,101325.0,3534.0,5562.0,1.0
287,398.15,-0.8,0.0,101325.0,101325.0,3534.0,5562.0,1.0
288,298.15,0.0,1.0,101325.0,101325.0,3534.0,5562.0,1.0
289,298.15,-0.1,1.0,101325.0,101325.0,3534.0,5562.0,1.0
290,298.15,-0.2,1.0,101325.0,101325.0,3534.0,5562.0,1.0
291,298.15,-0.3,1.0,101325.0,101325.0,3534.0,5562.0,1.0
292,298.15,-0.4,1.0,101325.0,101325.0,3534.0,5562.0,1.0
293,298.15,-0.5,1.0,101325.0,101325.0,3534.0,5562.0,1.0
294,298.15,-0.6,1.0,101325.0,101325.0,3534.0,5562.0,1.0
295,298.15,-0.7,1.0,101325.0,101325.0,3534.0,5562.0,1.0
296,298.15,-0.8,1.0,101325.0,101325.0,3534.0,5562.0,1.0
297,398.15,0.0,1.0,101325.0,101325.0,3534.0,5562.0,1.0
298,398.15,-0.1,1.0,101325.0,101325.0,3534.0,5562.0,1.0
299,398.15,-0.2,1.0,101325.0,101325.0,3534.0,5562.0,1.0
300,398.15,-0.3,1.0,101325.0,101325.0,3534.0,5562.0,1.0
301,398.15,-0.4,1.0,101325.0,101325.0,3534.0,5562.0,1.0
302,398.15,-0.5,1.0,101325.0,101325.0,3534.0,5562.0,1.0
303,398.15,-0.6,1.0,101325.0,101325.0,3534.0,5562.0,1.0
304,398.15,-0.7,1.0,101325.0,101325.0,3534.0,5562.0,1.0
305,398.15,-0.8,1.0,101325.0,101325.0,3534.0,5562.0,1.0
306,298.15,0.0,2.0,101325.0,101325.0,3534.0,5562.0,1.0
307,298.15,-0.1,2.0,101325.0,101325.0,3534.0,5562.0,1.0
308,298.15,-0.2,2.0,101325.0,101325.0,3534.0,5562.0,1.0
309,298.15,-0.3,2.0,101325.0,101325.0,3534.0,5562.0,1.0
310,298.15,-0.4,2.0,101325.0,101325.0,3534.0,5562.0,1.0
311,298.15,-0.5,2.0,101325.0,101325.0,3534.0,5562.0,1.0
312,298.15,-0.6,2.0,101325.0,101325.0,3534.0,5562.0,1.0
313,298.15,-0.7,2.0,101325.0,101325.0,3534.0,5562.0,1.0
314,298.15,-0.8,2.0,101325.0,101325.0,3534.0,5562.0,1.0
315,398.15,0.0,2.0,101325.0,101325.0,3534.0,5562.0,1.0
316,398.15,-0.1,2.0,101325.0,101325.0,3534.0,5562.0,1.0
317,398.15,-0.2,2.0,101325.0,101325.0,3534.0,5562.0,1.0
318,398.15,-0.3,2.0,101325.0,101325.0,3534.0,5562.0,1.0
319,398.15,-0.4,2.0,101325.0,101325.0,3534.0,5562.0,1.0
320,398.15,-0.5,2.0,101325.0,101325.0,3534.0,5562.0,1.0
321,398.15,-0.6,2.0,101325.0,101325.0,3534.0,5562.0,1.0
322,398.15,-0.7,2.0,101325.0,101325.0,3534.0,5562.0,1.0
323,398.15,-0.8,2.0,101325.0,101325.0,3534.0,5562.0,1.0
324,298.15,0.0,3.0,101325.0,101325.0,3534.0,5562.0,1.0
325,298.15,-0.1,3.0,101325.0,101325.0,3534.0,5562.0,1.0
326,298.15,-0.2,3.0,101325.0,101325.0,3534.0,5562.0,1.0
327,298.15,-0.3,3.0,101325.0,101325.0,3534.0,5562.0,1.0
328,298.15,-0.4,3.0,101325.0,101325.0,3534.0,5562.0,1.0
329,298.15,-0.5,3.0,101325.0,101325.0,3534.0,5562.0,1.0
330,298.15,-0.6,3.0,101325.0,101325.0,3534.0,5562.0,1.0
331,298.15,-0.7,3.0,101325.0,101325.0,3534.0,5562.0,1.0
332,298.15,-0.8,3.0,101325.0,101325.0,3534.0,5562.0,1.0
333,398.15,0.0,3.0,101325.0,101325.0,3534.0,5562.0,1.0
334,398.15,-0.1,3.0,101325.0,101325.0,3534.0,5562.0,1.0
335,398.15,-0.2,3.0,101325.0,101325.0,3534.0,5562.0,1.0
336,398.15,-0.3,3.0,101325.0,101325.0,3534.0,5562.0,1.0
337,398.15,-0.4,3.0,101325.0,101325.0,3534.0,5562.0,1.0
338,398.15,-0.5,3.0,101325.0,101325.0,3534.0,5562.0,1.0
339,398.15,-0.6,3.0,101325.0,101325.0,3534.0,5562.0,1.0
340,398.15,-0.7,3.0,101325.0,101325.0,3534.0,5562.0,1.0
341,398.15,-0.8,3.0,101325.0,101325.0,3534.0,5562.0,1.0
342,298.15,0.0,4.0,101325.0,101325.0,3534.0,5562.0,1.0
343,298.15,-0.1,4.0,101325.0,101325.0,3534.0,5562.0,1.0
344,298.15,-0.2,4.0,101325.0,101325.0,3534.0,5562.0,1.0
345,298.15,-0.3,4.0,101325.0,101325.0,3534.0,5562.0,1.0
346,298.15,-0.4,4.0,101325.0,101325.0,3534.0,5562.0,1.0
347,298.15,-0.5,4.0,101325.0,101325.0,3534.0,5562.0,1.0
348,298.15,-0.6,4.0,101325.0,101325.0,3534.0,5562.0,1.0
349,298.15,-0.7,4.0,101325.0,101325.0,3534.0,5562.0,1.0
350,298.15,-0.8,4.0,101325.0,101325.0,3534.0,5562.0,1.0
351,398.15,0.0,4.0,101325.0,101325.0,3534.0,5562.0,1.0
352,398.15,-0.1,4.0,101325.0,101325.0,3534.0,5562.0,1.0
353,398.15,-0.2,4.0,101325.0,101325.0,3534.0,5562.0,1.0
354,398.15,-0.3,4.0,101325.0,101325.0,3534.0,5562.0,1.0
355,398.15,-0.4,4.0,101325.0,101325.0,3534.0,5562.0,1.0
356,398.15,-0.5,4.0,101325.0,101325.0,3534.0,5562.0,1.0
357,398.15,-0.6,4.0,101325.0,101325.0,3534.0,5562.0,1.0
358,398.15,-0.7,4.0,101325.0,101325.0,3534.0,5562.0,1.0
359,398.15,-0.8,4.0,101325.0,101325.0,3534.0,5562.0,1.0
360,298.15,0.0,5.0,101325.0,101325.0,3534.0,5562.0,1.0
361,298.15,-0.1,5.0,101325.0,101325.0,3534.0,5562.0,1.0
362,298.15,-0.2,5.0,101325.0,101325.0,3534.0,5562.0,1.0
363,298.15,-0.3,5.0,101325.0,101325.0,3534.0,5562.0,1.0
364,298.15,-0.4,5.0,101325.0,101325.0,3534.0,5562.0,1.0
365,298.15,-0.5,5.0,101325.0,101325.0,3534.0,5562.0,1.0
366,298.15,-0.6,5.0,101325.0,101325.0,3534.0,5562.0,1.0
367,298.15,-0.7,5.0,101325.0,101325.0,3534.0,5562.0,1.0
368,298.15,-0.8,5.0,101325.0,101325.0,3534.0,5562.0,1.0
369,398.15,0.0,5.0,101325.0,101325.0,3534.0,5562.0,1.0
370,398.15,-0.1,5.0,101325.0,101325.0,3534.0,5562.0,1.0
371,398.15,-0.2,5.0,101325.0,101325.0,3534.0,5562.0,1.0
372,398.15,-0.3,5.0,101325.0,101325.0,3534.0,5562.0,1.0
373,398.15,-0.4,5.0,101325.0,101325.0,3534.0,5562.0,1.0
374,398.15,-0.5,5.0,101325.0,101325.0,3534.0,5562.0,1.0
375,398.15,-0.6,5.0,101325.0,101325.0,3534.0,5562.0,1.0
376,398.15,-0.7,5.0,101325.0,101325.0,3534.0,5562.0,1.0
377,398.15,-0.8,5.0,101325.0,101325.0,3534.0,5562.0,1.0
378,298.15,0.0,6.0,101325.0,101325.0,3534.0,5562.0,1.0
379,298.15,-0.1,6.0,101325.0,101325.0,3534.0,5562.0,1.0
380,298.15,-0.2,6.0,101325.0,101325.0,3534.0,5562.0,1.0
381,298.15,-0.3,6.0,101325.0,101325.0,3534.0,5562.0,1.0
382,298.15,-0.4,6.0,101325.0,101325.0,3534.0,5562.0,1.0
383,298.15,-0.5,6.0,101325.0,101325.0,3534.0,5562.0,1.0
384,298.15,-0.6,6.0,101325.0,101325.0,3534.0,5562.0,1.0
385,298.15,-0.7,6.0,101325.0,101325.0,3534.0,5562.0,1.0
386,298.15,-0.8,6.0,101325.0,101325.0,3534.0,5562.0,1.0
387,398.15,0.0,6.0,101325.0,101325.0,3534.0,5562.0,1.0
388,398.15,-0.1,6.0,101325.0,101325.0,3534.0,5562.0,1.0
389,398.15,-0.2,6.0,101325.0,101325.0,3534.0,5562.0,1.0
390,398.15,-0.3,6.0,101325.0,101325.0,3534.0,5562.0,1.0
391,398.15,-0.4,6.0,101325.0,101325.0,3534.0,5562.0,1.0
392,398.15,-0.5,6.0,101325.0,101325.0,3534.0,5562.0,1.0
393,398.15,-0.6,6.0,101325.0,101325.0,3534.0,5562.0,1.0
394,398.15,-0.7,6.0,101325.0,101325.0,3534.0,5562.0,1.0
395,398.15,-0.8,6.0,101325.0,101325.0,3534.0,5562.0,1.0
396,298.15,0.0,7.0,101325.0,101325.0,3534.0,5562.0,1.0
397,298.15,-0.1,7.0,101325.0,101325.0,3534.0,5562.0,1.0
398,298.15,-0.2,7.0,101325.0,101325.0,3534.0,5562.0,1.0
399,298.15,-0.3,7.0,101325.0,101325.0,3534.0,5562.0,1.0
400,298.15,-0.4,7.0,101325.0,101325.0,3534.0,5562.0,1.0
401,298.15,-0.5,7.0,101325.0,101325.0,3534.0,5562.0,1.0
402,298.15,-0.6,7.0,101325.0,101325.0,3534.0,5562.0,1.0
403,298.15,-0.7,7.0,101325.0,101325.0,3534.0,5562.0,1.0
404,298.15,-0.8,7.0,101325.0,101325.0,3534.0,5562.0,1.0
405,398.15,0.0,7.0,101325.0,101325.0,3534.0,5562.0,1.0
406,398.15,-0.1,7.0,101325.0,101325.0,3534.0,5562.0,1.0
407,398.15,-0.2,7.0,101325.0,101325.0,3534.0,5562.0,1.0
408,398.15,-0.3,7.0,101325.0,101325.0,3534.0,5562.0,1.0
409,398.15,-0.4,7.0,101325.0,101325.0,3534.0,5562.0,1.0
410,398.15,-0.5,7.0,101325.0,101325.0,3534.0,5562.0,1.0
411,398.15,-0.6,7.0,101325.0,101325.0,3534.0,5562.0,1.0
412,398.15,-0.7,7.0,101325.0,101325.0,3534.0,5562.0,1.0
413,398.15,-0.8,7.0,101325.0,101325.0,3534.0,5562.0,1.0
414,298.15,0.0,8.0,101325.0,101325.0,3534.0,5562.0,1.0
415,298.15,-0.1,8.0,101325.0,101325.0,3534.0,5562.0,1.0
416,298.15,-0.2,8.0,101325.0,101325.0,3534.0,5562.0,1.0
417,298.15,-0.3,8.0,101325.0,101325.0,3534.0,5562.0,1.0
418,298.15,-0.4,8.0,101325.0,101325.0,3534.0,5562.0,1.0
419,298.15,-0.5,8.0,101325.0,101325.0,3534.0,5562.0,1.0
420,298.15,-0.6,8.0,101325.0,101325.0,3534.0,5562.0,1.0
421,298.15,-0.7,8.0,101325.0,101325.0,3534.0,5562.0,1.0
422,298.15,-0.8,8.0,101325.0,101325.0,3534.0,5562.0,1.0
423,398.15,0.0,8.0,101325.0,101325.0,3534.0,5562.0,1.0
424,398.15,-0.1,8.0,101325.0,101325.0,3534.0,5562.0,1.0
425,398.15,-0.2,8.0,101325.0,101325.0,3534.0,5562.0,1.0
426,398.15,-0.3,8.0,101325.0,101325.0,3534.0,5562.0,1.0
427,398.15,-0.4,8.0,101325.0,101325.0,3534.0,5562.0,1.0
428,398.15,-0.5,8.0,101325.0,101325.0,3534.0,5562.0,1.0
429,398.15,-0.6,8.0,101325.0,101325.0,3534.0,5562.0,1.0
430,398.15,-0.7,8.0,101325.0,101325.0,3534.0,5562.0,1.0
431,398.15,-0.8,8.0,101325.0,101325.0,3534.0,5562.0,1.0
432,298.15,0.0,9.0,101325.0,101325.0,3534.0,5562.0,1.0
433,298.15,-0.1,9.0,101325.0,101325.0,3534.0,5562.0,1.0
434,298.15,-0.2,9.0,101325.0,101325.0,3534.0,5562.0,1.0
435,298.15,-0.3,9.0,101325.0,101325.0,3534.0,5562.0,1.0
436,298.15,-0.4,9.0,101325.0,101325.0,3534.0,5562.0,1.0
437,298.15,-0.5,9.0,101325.0,101325.0,3534.0,5562.0,1.0
438,298.15,-0.6,9.0,101325.0,101325.0,3534.0,5562.0,1.0
439,298.15,-0.7,9.0,101325.0,101325.0,3534.0,5562.0,1.0
440,298.15,-0.8,9.0,101325.0,101325.0,3534.0,5562.0,1.0
441,398.15,0.0,9.0,101325.0,101325.0,3534.0,5562.0,1.0
442,398.15,-0.1,9.0,101325.0,101325.0,3534.0,5562.0,1.0
443,398.15,-0.2,9.0,101325.0,101325.0,3534.0,5562.0,1.0
444,398.15,-0.3,9.0,101325.0,101325.0,3534.0,5562.0,1.0
445,398.15,-0.4,9.0,101325.0,101325.0,3534.0,5562.0,1.0
446,398.15,-0.5,9.0,101325.0,101325.0,3534.0,5562.0,1.0
447,398.15,-0.6,9.0,101325.0,101325.0,3534.0,5562.0,1.0
448,398.15,-0.7,9.0,101325.0,101325.0,3534.0,5562.0,1.0
449,398.15,-0.8,9.0,101325.0,101325.0,3534.0,5562.0,1.0
450,298.15,0.0,10.0,101325.0,101325.0,3534.0,5562.0,1.0
451,298.15,-0.1,10.0,101325.0,101325.0,3534.0,5562.0,1.0
452,298.15,-0.2,10.0,101325.0,101325.0,3534.0,5562.0,1.0
453,298.15,-0.3,10.0,101325.0,101325.0,3534.0,5562.0,1.0
454,298.15,-0.4,10.0,101325.0,101325.0,3534.0,5562.0,1.0
455,298.15,-0.5,10.0,101325.0,101325.0,3534.0,5562.0,1.0
456,298.15,-0.6,10.0,101325.0,101325.0,3534.0,5562.0,1.0
457,298.15,-0.7,10.0,101325.0,101325.0,3534.0,5562.0,1.0
458,298.15,-0.8,10.0,101325.0,101325.0,3534.0,5562.0,1.0
459,398.15,0.0,10.0,101325.0,101325.0,3534.0,5562.0,1.0
460,398.15,-0.1,10.0,101325.0,101325.0,3534.0,5562.0,1.0
461,398.15,-0.2,10.0,101325.0,101325.0,3534.0,5562.0,1.0
462,398.15,-0.3,10.0,101325.0,101325.0,3534.0,5562.0,1.0
463,398.15,-0.4,10.0,101325.0,101325.0,3534.0,5562.0,1.0
464,398.15,-0.5,10.0,101325.0,101325.0,3534.0,5562.0,1.0
465,398.15,-0.6,10.0,101325.0,101325.0,3534.0,5562.0,1.0
466,398.15,-0.7,10.0,101325.0,101325.0,3534.0,5562.0,1.0
467,398.15,-0.8,10.0,101325.0,101325.0,3534.0,5562.0,1.0
468,298.15,0.0,11.0,101325.0,101325.0,3534.0,5562.0,1.0
469,298.15,-0.1,11.0,101325.0,101325.0,3534.0,5562.0,1.0
470,298.15,-0.2,11.0,101325.0,101325.0,3534.0,5562.0,1.0
471,298.15,-0.3,11.0,101325.0,101325.0,3534.0,5562.0,1.0
472,298.15,-0.4,11.0,101325.0,101325.0,3534.0,5562.0,1.0
473,298.15,-0.5,11.0,101325.0,101325.0,3534.0,5562.0,1.0
474,298.15,-0.6,11.0,101325.0,101325.0,3534.0,5562.0,1.0
475,298.15,-0.7,11.0,101325.0,101325.0,3534.0,5562.0,1.0
476,298.15,-0.8,11.0,101325.0,101325.0,3534.0,5562.0,1.0
477,398.15,0.0,11.0,101325.0,101325.0,3534.0,5562.0,1.0
478,398.15,-0.1,11.0,101325.0,101325.0,3534.0,5562.0,1.0
479,398.15,-0.2,11.0,101325.0,101325.0,3534.0,5562.0,1.0
480,398.15,-0.3,11.0,101325.0,101325.0,3534.0,5562.0,1.0
481,398.15,-0.4,11.0,101325.0,101325.0,3534.0,5562.0,1.0
482,398.15,-0.5,11.0,101325.0,101325.0,3534.0,5562.0,1.0
483,398.15,-0.6,11.0,101325.0,101325.0,3534.0,5562.0,1.0
484,398.15,-0.7,11.0,101325.0,101325.0,3534.0,5562.0,1.0
485,398.15,-0.8,11.0,101325.0,101325.0,3534.0,5562.0,1.0
486,298.15,0.0,12.0,101325.0,101325.0,3534.0,5562.0,1.0
487,298.15,-0.1,12.0,101325.0,101325.0,3534.0,5562.0,1.0
488,298.15,-0.2,12.0,101325.0,101325.0,3534.0,5562.0,1.0
489,298.15,-0.3,12.0,101325.0,101325.0,3534.0,5562.0,1.0
490,298.15,-0.4,12.0,101325.0,101325.0,3534.0,5562.0,1.0
491,298.15,-0.5,12.0,101325.0,101325.0,3534.0,5562.0,1.0
492,298.15,-0.6,12.0,101325.0,101325.0,3534.0,5562.0,1.0
493,298.15,-0.7,12.0,101325.0,101325.0,3534.0,5562.0,1.0
494,298.15,-0.8,12.0,101325.0,101325.0,3534.0,5562.0,1.0
495,398.15,0.0,12.0,101325.0,101325.0,3534.0,5562.0,1.0
496,398.15,-0.1,12.0,101325.0,101325.0,3534.0,5562.0,1.0
497,398.15,-0.2,12.0,101325.0,101325.0,3534.0,5562.0,1.0
498,398.15,-0.3,12.0,101325.0,101325.0,3534.0,5562.0,1.0
499,398.15,-0.4,12.0,101325.0,101325.0,3534.0,5562.0,1.0
500,398.15,-0.5,12.0,101325.0,101325.0,3534.0,5562.0,1.0
501,398.15,-0.6,12.0,101325.0,101325.0,3534.0,5562.0,1.0
502,398.15,-0.7,12.0,101325.0,101325.0,3534.0,5562.0,1.0
503,398.15,-0.8,12.0,101325.0,101325.0,3534.0,5562.0,1.0
504,298.15,0.0,13.0,101325.0,101325.0,3534.0,5562.0,1.0
505,298.15,-0.1,13.0,101325.0,101325.0,3534.0,5562.0,1.0
506,298.15,-0.2,13.0,101325.0,101325.0,3534.0,5562.0,1.0
507,298.15,-0.3,13.0,101325.0,101325.0,3534.0,5562.0,1.0
508,298.15,-0.4,13.0,101325.0,101325.0,3534.0,5562.0,1.0
509,298.15,-0.5,13.0,101325.0,101325.0,3534.0,5562.0,1.0
510,298.15,-0.6,13.0,101325.0,101325.0,3534.0,5562.0,1.0
511,298.15,-0.7,13.0,101325.0,101325.0,3534.0,5562.0,1.0
512,298.15,-0.8,13.0,101325.0,101325.0,3534.0,5562.0,1.0
513,398.15,0.0,13.0,101325.0,101325.0,3534.0,5562.0,1.0
514,398.15,-0.1,13.0,101325.0,101325.0,3534.0,5562.0,1.0
515,398.15,-0.2,13.0,101325.0,101325.0,3534.0,5562.0,1.0
516,398.15,-0.3,13.0,101325.0,101325.0,3534.0,5562.0,1.0
517,398.15,-0.4,13.0,101325.0,101325.0,3534.0,5562.0,1.0
518,398.15,-0.5,13.0,101325.0,101325.0,3534.0,5562.0,1.0
519,398.15,-0.6,13.0,101325.0,101325.0,3534.0,5562.0,1.0
520,398.15,-0.7,13.0,101325.0,101325.0,3534.0,5562.0,1.0
521,398.15,-0.8,13.0,101325.0,101325.0,3534.0,5562.0,1.0
522,298.15,0.0,14.0,101325.0,101325.0,3534.0,5562.0,1.0
523,298.15,-0.1,14.0,101325.0,101325.0,3534.0,5562.0,1.0
524,298.15,-0.2,14.0,101325.0,101325.0,3534.0,5562.0,1.0
525,298.15,-0.3,14.0,101325.0,101325.0,3534.0,5562.0,1.0
526,298.15,-0.4,14.0,101325.0,101325.0,3534.0,5562.0,1.0
527,298.15,-0.5,14.0,101325.0,101325.0,3534.0,5562.0,1.0
528,298.15,-0.6,14.0,101325.0,101325.0,3534.0,5562.0,1.0
529,298.15,-0.7,14.0,101325.0,101325.0,3534.0,5562.0,1.0
530,298.15,-0.8,14.0,101325.0,101325.0,3534.0,5562.0,1.0
531,398.15,0.0,14.0,101325.0,101325.0,3534.0,5562.0,1.0
532,398.15,-0.1,14.0,101325.0,101325.0,3534.0,5562.0,1.0
533,398.15,-0.2,14.0,101325.0,101325.0,3534.0,5562.0,1.0
534,398.15,-0.3,14.0,101325.0,101325.0,3534.0,5562.0,1.0
535,398.15,-0.4,14.0,101325.0,101325.0,3534.0,5562.0,1.0
536,398.15,-0.5,14.0,101325.0,101325.0,3534.0,5562.0,1.0
537,398.15,-0.6,14.0,101325.0,101325.0,3534.0,5562.0,1.0
538,398.15,-0.7,14.0,101325.0,101325.0,3534.0,5562.0,1.0
539,398.15,-0.8,14.0,101325.0,101325.0,3534.0,5562.0,1.0
540,298.15,0.0,0.0,101325.0,101325.0,3534.0,5562.0,2.0
541,298.15,-0.1,0.0,101325.0,101325.0,3534.0,5562.0,2.0
542,298.15,-0.2,0.0,101325.0,101325.0,3534.0,5562.0,2.0
543,298.15,-0.3,0.0,101325.0,101325.0,3534.0,5562.0,2.0
544,298.15,-0.4,0.0,101325.0,101325.0,3534.0,5562.0,2.0
545,298.15,-0.5,0.0,101325.0,101325.0,3534.0,5562.0,2.0
546,298.15,-0.6,0.0,101325.0,101325.0,3534.0,5562.0,2.0
547,298.15,-0.7,0.0,101325.0,101325.0,3534.0,5562.0,2.0
548,298.15,-0.8,0.0,101325.0,101325.0,3534.0,5562.0,2.0
549,398.15,0.0,0.0,101325.0,101325.0,3534.0,5562.0,2.0
550,398.15,-0.1,0.0,101325.0,101325.0,3534.0,5562.0,2.0
551,398.15,-0.2,0.0,101325.0,101325.0,3534.0,5562.0,2.0
552,398.15,-0.3,0.0,101325.0,101325.0,3534.0,5562.0,2.0
553,398.15,-0.4,0.0,101325.0,101325.0,3534.0,5562.0,2.0
554,398.15,-0.5,0.0,101325.0,101325.0,3534.0,5562.0,2.0
555,398.15,-0.6,0.0,101325.0,101325.0,3534.0,5562.0,2.0
556,398.15,-0.7,0.0,101325.0,101325.0,3534.0,5562.0,2.0
557,398.15,-0.8,0.0,101325.0,101325.0,3534.0,5562.0,2.0
558,298.15,0.0,1.0,101325.0,101325.0,3534.0,5562.0,2.0
559,298.15,-0.1,1.0,101325.0,101325.0,3534.0,5562.0,2.0
560,298.15,-0.2,1.0,101325.0,101325.0,3534.0,5562.0,2.0
561,298.15,-0.3,1.0,101325.0,101325.0,3534.0,5562.0,2.0
562,298.15,-0.4,1.0,101325.0,101325.0,3534.0,5562.0,2.0
563,298.15,-0.5,1.0,101325.0,101325.0,3534.0,5562.0,2.0
564,298.15,-0.6,1.0,101325.0,101325.0,3534.0,5562.0,2.0
565,298.15,-0.7,1.0,101325.0,101325.0,3534.0,5562.0,2.0
566,298.15,-0.8,1.0,101325.0,101325.0,3534.0,5562.0,2.0
567,398.15,0.0,1.0,101325.0,101325.0,3534.0,5562.0,2.0
568,398.15,-0.1,1.0,101325.0,101325.0,3534.0,5562.0,2.0
569,398.15,-0.2,1.0,101325.0,101325.0,3534.0,5562.0,2.0
570,398.15,-0.3,1.0,101325.0,101325.0,3534.0,5562.0,2.0
571,398.15,-0.4,1.0,101325.0,101325.0,3534.0,5562.0,2.0
572,398.15,-0.5,1.0,101325.0,101325.0,3534.0,5562.0,2.0
573,398.15,-0.6,1.0,101325.0,101325.0,3534.0,5562.0,2.0
574,398.15,-0.7,1.0,101325.0,101325.0,3534.0,5562.0,2.0
575,398.15,-0.8,1.0,101325.0,101325.0,3534.0,5562.0,2.0
576,298.15,0.0,2.0,101325.0,101325.0,3534.0,5562.0,2.0
577,298.15,-0.1,2.0,101325.0,101325.0,3534.0,5562.0,2.0
578,298.15,-0.2,2.0,101325.0,101325.0,3534.0,5562.0,2.0
579,298.15,-0.3,2.0,101325.0,101325.0,3534.0,5562.0,2.0
580,298.15,-0.4,2.0,101325.0,101325.0,3534.0,5562.0,2.0
581,298.15,-0.5,2.0,101325.0,101325.0,3534.0,5562.0,2.0
582,298.15,-0.6,2.0,101325.0,101325.0,3534.0,5562.0,2.0
583,298.15,-0.7,2.0,101325.0,101325.0,3534.0,5562.0,2.0
584,298.15,-0.8,2.0,101325.0,101325.0,3534.0,5562.0,2.0
585,398.15,0.0,2.0,101325.0,101325.0,3534.0,5562.0,2.0
586,398.15,-0.1,2.0,101325.0,101325.0,3534.0,5562.0,2.0
587,398.15,-0.2,2.0,101325.0,101325.0,3534.0,5562.0,2.0
588,398.15,-0.3,2.0,101325.0,101325.0,3534.0,5562.0,2.0
589,398.15,-0.4,2.0,101325.0,101325.0,3534.0,5562.0,2.0
590,398.15,-0.5,2.0,101325.0,101325.0,3534.0,5562.0,2.0
591,398.15,-0.6,2.0,101325.0,101325.0,3534.0,5562.0,2.0
592,398.15,-0.7,2.0,101325.0,101325.0,3534.0,5562.0,2.0
593,398.15,-0.8,2.0,101325.0,101325.0,3534.0,5562.0,2.0
594,298.15,0.0,3.0,101325.0,101325.0,3534.0,5562.0,2.0
595,298.15,-0.1,3.0,101325.0,101325.0,3534.0,5562.0,2.0
596,298.15,-0.2,3.0,101325.0,101325.0,3534.0,5562.0,2.0
597,298.15,-0.3,3.0,101325.0,101325.0,3534.0,5562.0,2.0
598,298.15,-0.4,3.0,101325.0,101325.0,3534.0,5562.0,2.0
599,298.15,-0.5,3.0,101325.0,101325.0,3534.0,5562.0,2.0
600,298.15,-0.6,3.0,101325.0,101325.0,3534.0,5562.0,2.0
601,298.15,-0.7,3.0,101325.0,101325.0,3534.0,5562.0,2.0
602,298.15,-0.8,3.0,101325.0,101325.0,3534.0,5562.0,2.0
603,398.15,0.0,3.0,101325.0,101325.0,3534.0,5562.0,2.0
604,398.15,-0.1,3.0,101325.0,101325.0,3534.0,5562.0,2.0
605,398.15,-0.2,3.0,101325.0,101325.0,3534.0,5562.0,2.0
606,398.15,-0.3,3.0,101325.0,101325.0,3534.0,5562.0,2.0
607,398.15,-0.4,3.0,101325.0,101325.0,3534.0,5562.0,2.0
608,398.15,-0.5,3.0,101325.0,101325.0,3534.0,5562.0,2.0
609,398.15,-0.6,3.0,101325.0,101325.0,3534.0,5562.0,2.0
610,398.15,-0.7,3.0,101325.0,101325.0,3534.0,5562.0,2.0
611,398.15,-0.8,3.0,101325.0,101325.0,3534.0,5562.0,2.0
612,298.15,0.0,4.0,101325.0,101325.0,3534.0,5562.0,2.0
613,298.15,-0.1,4.0,101325.0,101325.0,3534.0,5562.0,2.0
614,298.15,-0.2,4.0,101325.0,101325.0,3534.0,5562.0,2.0
615,298.15,-0.3,4.0,101325.0,101325.0,3534.0,5562.0,2.0
616,298.15,-0.4,4.0,101325.0,101325.0,3534.0,5562.0,2.0
617,298.15,-0.5,4.0,101325.0,101325.0,3534.0,5562.0,2.0
618,298.15,-0.6,4.0,101325.0,101325.0,3534.0,5562.0,2.0
619,298.15,-0.7,4.0,101325.0,101325.0,3534.0,5562.0,2.0
620,298.15,-0.8,4.0,101325.0,101325.0,3534.0,5562.0,2.0
621,398.15,0.0,4.0,101325.0,101325.0,3534.0,5562.0,2.0
622,398.15,-0.1,4.0,101325.0,101325.0,3534.0,5562.0,2.0
623,398.15,-0.2,4.0,101325.0,101325.0,3534.0,5562.0,2.0
624,398.15,-0.3,4.0,101325.0,101325.0,3534.0,5562.0,2.0
625,398.15,-0.4,4.0,101325.0,101325.0,3534.0,5562.0,2.0
626,398.15,-0.5,4.0,101325.0,101325.0,3534.0,5562.0,2.0
627,398.15,-0.6,4.0,101325.0,101325.0,3534.0,5562.0,2.0
628,398.15,-0.7,4.0,101325.0,101325.0,3534.0,5562.0,2.0
629,398.15,-0.8,4.0,101325.0,101325.0,3534.0,5562.0,2.0
630,298.15,0.0,5.0,101325.0,101325.0,3534.0,5562.0,2.0
631,298.15,-0.1,5.0,101325.0,101325.0,3534.0,5562.0,2.0
632,298.15,-0.2,5.0,101325.0,101325.0,3534.0,5562.0,2.0
633,298.15,-0.3,5.0,101325.0,101325.0,3534.0,5562.0,2.0
634,298.15,-0.4,5.0,101325.0,101325.0,3534.0,5562.0,2.0
635,298.15,-0.5,5.0,101325.0,101325.0,3534.0,5562.0,2.0
636,298.15,-0.6,5.0,101325.0,101325.0,3534.0,5562.0,2.0
637,298.15,-0.7,5.0,101325.0,101325.0,3534.0,5562.0,2.0
638,298.15,-0.8,5.0,101325.0,101325.0,3534.0,5562.0,2.0
639,398.15,0.0,5.0,101325.0,101325.0,3534.0,5562.0,2.0
640,398.15,-0.1,5.0,101325.0,101325.0,3534.0,5562.0,2.0
641,398.15,-0.2,5.0,101325.0,101325.0,3534.0,5562.0,2.0
642,398.15,-0.3,5.0,101325.0,101325.0,3534.0,5562.0,2.0
643,398.15,-0.4,5.0,101325.0,101325.0,3534.0,5562.0,2.0
644,398.15,-0.5,5.0,101325.0,101325.0,3534.0,5562.0,2.0
645,398.15,-0.6,5.0,101325.0,101325.0,3534.0,5562.0,2.0
646,398.15,-0.7,5.0,101325.0,101325.0,3534.0,5562.0,2.0
647,398.15,-0.8,5.0,101325.0,101325.0,3534.0,5562.0,2.0
648,298.15,0.0,6.0,101325.0,101325.0,3534.0,5562.0,2.0
649,298.15,-0.1,6.0,101325.0,101325.0,3534.0,5562.0,2.0
650,298.15,-0.2,6.0,101325.0,101325.0,3534.0,5562.0,2.0
651,298.15,-0.3,6.0,101325.0,101325.0,3534.0,5562.0,2.0
652,298.15,-0.4,6.0,101325.0,101325.0,3534.0,5562.0,2.0
653,298.15,-0.5,6.0,101325.0,101325.0,3534.0,5562.0,2.0
654,298.15,-0.6,6.0,101325.0,101325.0,3534.0,5562.0,2.0
655,298.15,-0.7,6.0,101325.0,101325.0,3534.0,5562.0,2.0
656,298.15,-0.8,6.0,101325.0,101325.0,3534.0,5562.0,2.0
657,398.15,0.0,6.0,101325.0,101325.0,3534.0,5562.0,2.0
658,398.15,-0.1,6.0,101325.0,101325.0,3534.0,5562.0,2.0
659,398.15,-0.2,6.0,101325.0,101325.0,3534.0,5562.0,2.0
660,398.15,-0.3,6.0,101325.0,101325.0,3534.0,5562.0,2.0
661,398.15,-0.4,6.0,101325.0,101325.0,3534.0,5562.0,2.0
662,398.15,-0.5,6.0,101325.0,101325.0,3534.0,5562.0,2.0
663,398.15,-0.6,6.0,101325.0,101325.0,3534.0,5562.0,2.0
664,398.15,-0.7,6.0,101325.0,101325.0,3534.0,5562.0,2.0
665,398.15,-0.8,6.0,101325.0,101325.0,3534.0,5562.0,2.0
666,298.15,0.0,7.0,101325.0,101325.0,3534.0,5562.0,2.0
667,298.15,-0.1,7.0,101325.0,101325.0,3534.0,5562.0,2.0
668,298.15,-0.2,7.0,101325.0,101325.0,3534.0,5562.0,2.0
669,298.15,-0.3,7.0,101325.0,101325.0,3534.0,5562.0,2.0
670,298.15,-0.4,7.0,101325.0,101325.0,3534.0,5562.0,2.0
671,298.15,-0.5,7.0,101325.0,101325.0,3534.0,5562.0,2.0
672,298.15,-0.6,7.0,101325.0,101325.0,3534.0,5562.0,2.0
673,298.15,-0.7,7.0,101325.0,101325.0,3534.0,5562.0,2.0
674,298.15,-0.8,7.0,101325.0,101325.0,3534.0,5562.0,2.0
675,398.15,0.0,7.0,101325.0,101325.0,3534.0,5562.0,2.0
676,398.15,-0.1,7.0,101325.0,101325.0,3534.0,5562.0,2.0
677,398.15,-0.2,7.0,101325.0,101325.0,3534.0,5562.0,2.0
678,398.15,-0.3,7.0,101325.0,101325.0,3534.0,5562.0,2.0
679,398.15,-0.4,7.0,101325.0,101325.0,3534.0,5562.0,2.0
680,398.15,-0.5,7.0,101325.0,101325.0,3534.0,5562.0,2.0
681,398.15,-0.6,7.0,101325.0,101325.0,3534.0,5562.0,2.0
682,398.15,-0.7,7.0,101325.0,101325.0,3534.0,5562.0,2.0
683,398.15,-0.8,7.0,101325.0,101325.0,3534.0,5562.0,2.0
684,298.15,0.0,8.0,101325.0,101325.0,3534.0,5562.0,2.0
685,298.15,-0.1,8.0,101325.0,101325.0,3534.0,5562.0,2.0
686,298.15,-0.2,8.0,101325.0,101325.0,3534.0,5562.0,2.0
687,298.15,-0.3,8.0,101325.0,101325.0,3534.0,5562.0,2.0
688,298.15,-0.4,8.0,101325.0,101325.0,3534.0,5562.0,2.0
689,298.15,-0.5,8.0,101325.0,101325.0,3534.0,5562.0,2.0
690,298.15,-0.6,8.0,101325.0,101325.0,3534.0,5562.0,2.0
691,298.15,-0.7,8.0,101325.0,101325.0,3534.0,5562.0,2.0
692,298.15,-0.8,8.0,101325.0,101325.0,3534.0,5562.0,2.0
693,398.15,0.0,8.0,101325.0,101325.0,3534.0,5562.0,2.0
694,398.15,-0.1,8.0,101325.0,101325.0,3534.0,5562.0,2.0
695,398.15,-0.2,8.0,101325.0,101325.0,3534.0,5562.0,2.0
696,398.15,-0.3,8.0,101325.0,101325.0,3534.0,5562.0,2.0
697,398.15,-0.4,8.0,101325.0,101325.0,3534.0,5562.0,2.0
698,398.15,-0.5,8.0,101325.0,101325.0,3534.0,5562.0,2.0
699,398.15,-0.6,8.0,101325.0,101325.0,3534.0,5562.0,2.0
700,398.15,-0.7,8.0,101325.0,101325.0,3534.0,5562.0,2.0
701,398.15,-0.8,8.0,101325.0,101325.0,3534.0,5562.0,2.0
702,298.15,0.0,9.0,101325.0,101325.0,3534.0,5562.0,2.0
703,298.15,-0.1,9.0,101325.0,101325.0,3534.0,5562.0,2.0
704,298.15,-0.2,9.0,101325.0,101325.0,3534.0,5562.0,2.0
705,298.15,-0.3,9.0,101325.0,101325.0,3534.0,5562.0,2.0
706,298.15,-0.4,9.0,101325.0,101325.0,3534.0,5562.0,2.0
707,298.15,-0.5,9.0,101325.0,101325.0,3534.0,5562.0,2.0
708,298.15,-0.6,9.0,101325.0,101325.0,3534.0,5562.0,2.0
709,298.15,-0.7,9.0,101325.0,101325.0,3534.0,5562.0,2.0
710,298.15,-0.8,9.0,101325.0,101325.0,3534.0,5562.0,2.0
711,398.15,0.0,9.0,101325.0,101325.0,3534.0,5562.0,2.0
712,398.15,-0.1,9.0,101325.0,101325.0,3534.0,5562.0,2.0
713,398.15,-0.2,9.0,101325.0,101325.0,3534.0,5562.0,2.0
714,398.15,-0.3,9.0,101325.0,101325.0,3534.0,5562.0,2.0
715,398.15,-0.4,9.0,101325.0,101325.0,3534.0,5562.0,2.0
716,398.15,-0.5,9.0,101325.0,101325.0,3534.0,5562.0,2.0
717,398.15,-0.6,9.0,101325.0,101325.0,3534.0,5562.0,2.0
718,398.15,-0.7,9.0,101325.0,101325.0,3534.0,5562.0,2.0
719,398.15,-0.8,9.0,101325.0,101325.0,3534.0,5562.0,2.0
720,298.15,0.0,10.0,101325.0,101325.0,3534.0,5562.0,2.0
721,298.15,-0.1,10.0,101325.0,101325.0,3534.0,5562.0,2.0
722,298.15,-0.2,10.0,101325.0,101325.0,3534.0,5562.0,2.0
723,298.15,-0.3,10.0,101325.0,101325.0,3534.0,5562.0,2.0
724,298.15,-0.4,10.0,101325.0,101325.0,3534.0,5562.0,2.0
725,298.15,-0.5,10.0,101325.0,101325.0,3534.0,5562.0,2.0
726,298.15,-0.6,10.0,101325.0,101325.0,3534.0,5562.0,2.0
727,298.15,-0.7,10.0,101325.0,101325.0,3534.0,5562.0,2.0
728,298.15,-0.8,10.0,101325.0,101325.0,3534.0,5562.0,2.0
729,398.15,0.0,10.0,101325.0,101325.0,3534.0,5562.0,2.0
730,398.15,-0.1,10.0,101325.0,101325.0,3534.0,5562.0,2.0
731,398.15,-0.2,10.0,101325.0,101325.0,3534.0,5562.0,2.0
732,398.15,-0.3,10.0,101325.0,101325.0,3534.0,5562.0,2.0
733,398.15,-0.4,10.0,101325.0,101325.0,3534.0,5562.0,2.0
734,398.15,-0.5,10.0,101325.0,101325.0,3534.0,5562.0,2.0
735,398.15,-0.6,10.0,101325.0,101325.0,3534.0,5562.0,2.0
736,398.15,-0.7,10.0,101325.0,101325.0,3534.0,5562.0,2.0
737,398.15,-0.8,10.0,101325.0,101325.0,3534.0,5562.0,2.0
738,298.15,0.0,11.0,101325.0,101325.0,3534.0,5562.0,2.0
739,298.15,-0.1,11.0,101325.0,101325.0,3534.0,5562.0,2.0
740,298.15,-0.2,11.0,101325.0,101325.0,3534.0,5562.0,2.0
741,298.15,-0.3,11.0,101325.0,101325.0,3534.0,5562.0,2.0
742,298.15,-0.4,11.0,101325.0,101325.0,3534.0,5562.0,2.0
743,298.15,-0.5,11.0,101325.0,101325.0,3534.0,5562.0,2.0
744,298.15,-0.6,11.0,101325.0,101325.0,3534.0,5562.0,2.0
745,298.15,-0.7,11.0,101325.0,101325.0,3534.0,5562.0,2.0
746,298.15,-0.8,11.0,101325.0,101325.0,3534.0,5562.0,2.0
747,398.15,0.0,11.0,101325.0,101325.0,3534.0,5562.0,2.0
748,398.15,-0.1,11.0,101325.0,101325.0,3534.0,5562.0,2.0
749,398.15,-0.2,11.0,101325.0,101325.0,3534.0,5562.0,2.0
750,398.15,-0.3,11.0,101325.0,101325.0,3534.0,5562.0,2.0
751,398.15,-0.4,11.0,101325.0,101325.0,3534.0,5562.0,2.0
752,398.15,-0.5,11.0,101325.0,101325.0,3534.0,5562.0,2.0
753,398.15,-0.6,11.0,101325.0,101325.0,3534.0,5562.0,2.0
754,398.15,-0.7,11.0,101325.0,101325.0,3534.0,5562.0,2.0
755,398.15,-0.8,11.0,101325.0,101325.0,3534.0,5562.0,2.0
756,298.15,0.0,12.0,101325.0,101325.0,3534.0,5562.0,2.0
757,298.15,-0.1,12.0,101325.0,101325.0,3534.0,5562.0,2.0
758,298.15,-0.2,12.0,101325.0,101325.0,3534.0,5562.0,2.0
759,298.15,-0.3,12.0,101325.0,101325.0,3534.0,5562.0,2.0
760,298.15,-0.4,12.0,101325.0,101325.0,3534.0,5562.0,2.0
761,298.15,-0.5,12.0,101325.0,101325.0,3534.0,5562.0,2.0
762,298.15,-0.6,12.0,101325.0,101325.0,3534.0,5562.0,2.0
763,298.15,-0.7,12.0,101325.0,101325.0,3534.0,5562.0,2.0
764,298.15,-0.8,12.0,101325.0,101325.0,3534.0,5562.0,2.0
765,398.15,0.0,12.0,101325.0,101325.0,3534.0,5562.0,2.0
766,398.15,-0.1,12.0,101325.0,101325.0,3534.0,5562.0,2.0
767,398.15,-0.2,12.0,101325.0,101325.0,3534.0,5562.0,2.0
768,398.15,-0.3,12.0,101325.0,101325.0,3534.0,5562.0,2.0
769,398.15,-0.4,12.0,101325.0,101325.0,3534.0,5562.0,2.0
770,398.15,-0.5,12.0,101325.0,101325.0,3534.0,5562.0,2.0
771,398.15,-0.6,12.0,101325.0,101325.0,3534.0,5562.0,2.0
772,398.15,-0.7,12.0,101325.0,101325.0,3534.0,5562.0,2.0
773,398.15,-0.8,12.0,101325.0,101325.0,3534.0,5562.0,2.0
774,298.15,0.0,13.0,101325.0,101325.0,3534.0,5562.0,2.0
775,298.15,-0.1,13.0,101325.0,101325.0,3534.0,5562.0,2.0
776,298.15,-0.2,13.0,101325.0,101325.0,3534.0,5562.0,2.0
777,298.15,-0.3,13.0,101325.0,101325.0,3534.0,5562.0,2.0
778,298.15,-0.4,13.0,101325.0,101325.0,3534.0,5562.0,2.0
779,298.15,-0.5,13.0,101325.0,101325.0,3534.0,5562.0,2.0
780,298.15,-0.6,13.0,101325.0,101325.0,3534.0,5562.0,2.0
781,298.15,-0.7,13.0,101325.0,101325.0,3534.0,5562.0,2.0
782,298.15,-0.8,13.0,101325.0,101325.0,3534.0,5562.0,2.0
783,398.15,0.0,13.0,101325.0,101325.0,3534.0,5562.0,2.0
784,398.15,-0.1,13.0,101325.0,101325.0,3534.0,5562.0,2.0
785,398.15,-0.2,13.0,101325.0,101325.0,3534.0,5562.0,2.0
786,398.15,-0.3,13.0,101325.0,101325.0,3534.0,5562.0,2.0
787,398.15,-0.4,13.0,101325.0,101325.0,3534.0,5562.0,2.0
788,398.15,-0.5,13.0,101325.0,101325.0,3534.0,5562.0,2.0
789,398.15,-0.6,13.0,101325.0,101325.0,3534.0,5562.0,2.0
790,398.15,-0.7,13.0,101325.0,101325.0,3534.0,5562.0,2.0
791,398.15,-0.8,13.0,101325.0,101325.0,3534.0,5562.0,2.0
792,298.15,0.0,14.0,101325.0,101325.0,3534.0,5562.0,2.0
793,298.15,-0.1,14.0,101325.0,101325.0,3534.0,5562.0,2.0
794,298.15,-0.2,14.0,101325.0,101325.0,3534.0,5562.0,2.0
795,298.15,-0.3,14.0,101325.0,101325.0,3534.0,5562.0,2.0
796,298.15,-0.4,14.0,101325.0,101325.0,3534.0,5562.0,2.0
797,298.15,-0.5,14.0,101325.0,101325.0,3534.0,5562.0,2.0
798,298.15,-0.6,14.0,101325.0,101325.0,3534.0,5562.0,2.0
799,298.15,-0.7,14.0,101325.0,101325.0,3534.0,5562.0,2.0
800,298.15,-0.8,14.0,101325.0,101325.0,3534.0,5562.0,2.0
801,398.15,0.0,14.0,101325.0,101325.0,3534.0,5562.0,2.0
802,398.15,-0.1,14.0,101325.0,101325.0,3534.0,5562.0,2.0
803,398.15,-0.2,14.0,101325.0,101325.0,3534.0,5562.0,2.0
804,398.15,-0.3,14.0,101325.0,101325.0,3534.0,5562.0,2.0
805,398.15,-0.4,14.0,101325.0,101325.0,3534.0,5562.0,2.0
806,398.15,-0.5,14.0,101325.0,101325.0,3534.0,5562.0,2.0
807,398.15,-0.6,14.0,101325.0,101325.0,3534.0,5562.0,2.0
808,398.15,-0.7,14.0,101325.0,101325.0,3534.0,5562.0,2.0
809,398.15,-0.8,14.0,101325.0,101325.0,3534.0,5562.0,2.0
810,298.15,0.0,0.0,101325.0,101325.0,3534.0,5562.0,3.0
811,298.15,-0.1,0.0,101325.0,101325.0,3534.0,5562.0,3.0
812,298.15,-0.2,0.0,101325.0,101325.0,3534.0,5562.0,3.0
813,298.15,-0.3,0.0,101325.0,101325.0,3534.0,5562.0,3.0
814,298.15,-0.4,0.0,101325.0,101325.0,3534.0,5562.0,3.0
815,298.15,-0.5,0.0,101325.0,101325.0,3534.0,5562.0,3.0
816,298.15,-0.6,0.0,101325.0,101325.0,3534.0,5562.0,3.0
817,298.15,-0.7,0.0,101325.0,101325.0,3534.0,5562.0,3.0
818,298.15,-0.8,0.0,101325.0,101325.0,3534.0,5562.0,3.0
819,398.15,0.0,0.0,101325.0,101325.0,3534.0,5562.0,3.0
820,398.15,-0.1,0.0,101325.0,101325.0,3534.0,5562.0,3.0
821,398.15,-0.2,0.0,101325.0,101325.0,3534.0,5562.0,3.0
822,398.15,-0.3,0.0,101325.0,101325.0,3534.0,5562.0,3.0
823,398.15,-0.4,0.0,101325.0,101325.0,3534.0,5562.0,3.0
824,398.15,-0.5,0.0,101325.0,101325.0,3534.0,5562.0,3.0
825,398.15,-0.6,0.0,101325.0,101325.0,3534.0,5562.0,3.0
826,398.15,-0.7,0.0,101325.0,101325.0,3534.0,5562.0,3.0
827,398.15,-0.8,0.0,101325.0,101325.0,3534.0,5562.0,3.0
828,298.15,0.0,1.0,101325.0,101325.0,3534.0,5562.0,3.0
829,298.15,-0.1,1.0,101325.0,101325.0,3534.0,5562.0,3.0
830,298.15,-0.2,1.0,101325.0,101325.0,3534.0,5562.0,3.0
831,298.15,-0.3,1.0,101325.0,101325.0,3534.0,5562.0,3.0
832,298.15,-0.4,1.0,101325.0,101325.0,3534.0,5562.0,3.0
833,298.15,-0.5,1.0,101325.0,101325.0,3534.0,5562.0,3.0
834,298.15,-0.6,1.0,101325.0,101325.0,3534.0,5562.0,3.0
835,298.15,-0.7,1.0,101325.0,101325.0,3534.0,5562.0,3.0
836,298.15,-0.8,1.0,101325.0,101325.0,3534.0,5562.0,3.0
837,398.15,0.0,1.0,101325.0,101325.0,3534.0,5562.0,3.0
838,398.15,-0.1,1.0,101325.0,101325.0,3534.0,5562.0,3.0
839,398.15,-0.2,1.0,101325.0,101325.0,3534.0,5562.0,3.0
840,398.15,-0.3,1.0,101325.0,101325.0,3534.0,5562.0,3.0
841,398.15,-0.4,1.0,101325.0,101325.0,3534.0,5562.0,3.0
842,398.15,-0.5,1.0,101325.0,101325.0,3534.0,5562.0,3.0
843,398.15,-0.6,1.0,101325.0,101325.0,3534.0,5562.0,3.0
844,398.15,-0.7,1.0,101325.0,101325.0,3534.0,5562.0,3.0
845,398.15,-0.8,1.0,101325.0,101325.0,3534.0,5562.0,3.0
846,298.15,0.0,2.0,101325.0,101325.0,3534.0,5562.0,3.0
847,298.15,-0.1,2.0,101325.0,101325.0,3534.0,5562.0,3.0
848,298.15,-0.2,2.0,101325.0,101325.0,3534.0,5562.0,3.0
849,298.15,-0.3,2.0,101325.0,101325.0,3534.0,5562.0,3.0
850,298.15,-0.4,2.0,101325.0,101325.0,3534.0,5562.0,3.0
851,298.15,-0.5,2.0,101325.0,101325.0,3534.0,5562.0,3.0
852,298.15,-0.6,2.0,101325.0,101325.0,3534.0,5562.0,3.0
853,298.15,-0.7,2.0,101325.0,101325.0,3534.0,5562.0,3.0
854,298.15,-0.8,2.0,101325.0,101325.0,3534.0,5562.0,3.0
855,398.15,0.0,2.0,101325.0,101325.0,3534.0,5562.0,3.0
856,398.15,-0.1,2.0,101325.0,101325.0,3534.0,5562.0,3.0
857,398.15,-0.2,2.0,101325.0,101325.0,3534.0,5562.0,3.0
858,398.15,-0.3,2.0,101325.0,101325.0,3534.0,5562.0,3.0
859,398.15,-0.4,2.0,101325.0,101325.0,3534.0,5562.0,3.0
860,398.15,-0.5,2.0,101325.0,101325.0,3534.0,5562.0,3.0
861,398.15,-0.6,2.0,101325.0,101325.0,3534.0,5562.0,3.0
862,398.15,-0.7,2.0,101325.0,101325.0,3534.0,5562.0,3.0
863,398.15,-0.8,2.0,101325.0,101325.0,3534.0,5562.0,3.0
864,298.15,0.0,3.0,101325.0,101325.0,3534.0,5562.0,3.0
865,298.15,-0.1,3.0,101325.0,101325.0,3534.0,5562.0,3.0
866,298.15,-0.2,3.0,101325.0,101325.0,3534.0,5562.0,3.0
867,298.15,-0.3,3.0,101325.0,101325.0,3534.0,5562.0,3.0
868,298.15,-0.4,3.0,101325.0,101325.0,3534.0,5562.0,3.0
869,298.15,-0.5,3.0,101325.0,101325.0,3534.0,5562.0,3.0
870,298.15,-0.6,3.0,101325.0,101325.0,3534.0,5562.0,3.0
871,298.15,-0.7,3.0,101325.0,101325.0,3534.0,5562.0,3.0
872,298.15,-0.8,3.0,101325.0,101325.0,3534.0,5562.0,3.0
873,398.15,0.0,3.0,101325.0,101325.0,3534.0,5562.0,3.0
874,398.15,-0.1,3.0,101325.0,101325.0,3534.0,5562.0,3.0
875,398.15,-0.2,3.0,101325.0,101325.0,3534.0,5562.0,3.0
876,398.15,-0.3,3.0,101325.0,101325.0,3534.0,5562.0,3.0
877,398.15,-0.4,3.0,101325.0,101325.0,3534.0,5562.0,3.0
878,398.15,-0.5,3.0,101325.0,101325.0,3534.0,5562.0,3.0
879,398.15,-0.6,3.0,101325.0,101325.0,3534.0,5562.0,3.0
880,398.15,-0.7,3.0,101325.0,101325.0,3534.0,5562.0,3.0
881,398.15,-0.8,3.0,101325.0,101325.0,3534.0,5562.0,3.0
882,298.15,0.0,4.0,101325.0,101325.0,3534.0,5562.0,3.0
883,298.15,-0.1,4.0,101325.0,101325.0,3534.0,5562.0,3.0
884,298.15,-0.2,4.0,101325.0,101325.0,3534.0,5562.0,3.0
885,298.15,-0.3,4.0,101325.0,101325.0,3534.0,5562.0,3.0
886,298.15,-0.4,4.0,101325.0,101325.0,3534.0,5562.0,3.0
887,298.15,-0.5,4.0,101325.0,101325.0,3534.0,5562.0,3.0
888,298.15,-0.6,4.0,101325.0,101325.0,3534.0,5562.0,3.0
889,298.15,-0.7,4.0,101325.0,101325.0,3534.0,5562.0,3.0
890,298.15,-0.8,4.0,101325.0,101325.0,3534.0,5562.0,3.0
891,398.15,0.0,4.0,101325.0,101325.0,3534.0,5562.0,3.0
892,398.15,-0.1,4.0,101325.0,101325.0,3534.0,5562.0,3.0
893,398.15,-0.2,4.0,101325.0,101325.0,3534.0,5562.0,3.0
894,398.15,-0.3,4.0,101325.0,101325.0,3534.0,5562.0,3.0
895,398.15,-0.4,4.0,101325.0,101325.0,3534.0,5562.0,3.0
896,398.15,-0.5,4.0,101325.0,101325.0,3534.0,5562.0,3.0
897,398.15,-0.6,4.0,101325.0,101325.0,3534.0,5562.0,3.0
898,398.15,-0.7,4.0,101325.0,101325.0,3534.0,5562.0,3.0
899,398.15,-0.8,4.0,101325.0,101325.0,3534.0,5562.0,3.0
900,298.15,0.0,5.0,101325.0,101325.0,3534.0,5562.0,3.0
901,298.15,-0.1,5.0,101325.0,101325.0,3534.0,5562.0,3.0
902,298.15,-0.2,5.0,101325.0,101325.0,3534.0,5562.0,3.0
903,298.15,-0.3,5.0,101325.0,101325.0,3534.0,5562.0,3.0
904,298.15,-0.4,5.0,101325.0,101325.0,3534.0,5562.0,3.0
905,298.15,-0.5,5.0,101325.0,101325.0,3534.0,5562.0,3.0
906,298.15,-0.6,5.0,101325.0,101325.0,3534.0,5562.0,3.0
907,298.15,-0.7,5.0,101325.0,101325.0,3534.0,5562.0,3.0
908,298.15,-0.8,5.0,101325.0,101325.0,3534.0,5562.0,3.0
909,398.15,0.0,5.0,101325.0,101325.0,3534.0,5562.0,3.0
910,398.15,-0.1,5.0,101325.0,101325.0,3534.0,5562.0,3.0
911,398.15,-0.2,5.0,101325.0,101325.0,3534.0,5562.0,3.0
912,398.15,-0.3,5.0,101325.0,101325.0,3534.0,5562.0,3.0
913,398.15,-0.4,5.0,101325.0,101325.0,3534.0,5562.0,3.0
914,398.15,-0.5,5.0,101325.0,101325.0,3534.0,5562.0,3.0
915,398.15,-0.6,5.0,101325.0,101325.0,3534.0,5562.0,3.0
916,398.15,-0.7,5.0,101325.0,101325.0,3534.0,5562.0,3.0
917,398.15,-0.8,5.0,101325.0,101325.0,3534.0,5562.0,3.0
918,298.15,0.0,6.0,101325.0,101325.0,3534.0,5562.0,3.0
919,298.15,-0.1,6.0,101325.0,101325.0,3534.0,5562.0,3.0
920,298.15,-0.2,6.0,101325.0,101325.0,3534.0,5562.0,3.0
921,298.15,-0.3,6.0,101325.0,101325.0,3534.0,5562.0,3.0
922,298.15,-0.4,6.0,101325.0,101325.0,3534.0,5562.0,3.0
923,298.15,-0.5,6.0,101325.0,101325.0,3534.0,5562.0,3.0
924,298.15,-0.6,6.0,101325.0,101325.0,3534.0,5562.0,3.0
925,298.15,-0.7,6.0,101325.0,101325.0,3534.0,5562.0,3.0
926,298.15,-0.8,6.0,101325.0,101325.0,3534.0,5562.0,3.0
927,398.15,0.0,6.0,101325.0,101325.0,3534.0,5562.0,3.0
928,398.15,-0.1,6.0,101325.0,101325.0,3534.0,5562.0,3.0
929,398.15,-0.2,6.0,101325.0,101325.0,3534.0,5562.0,3.0
930,398.15,-0.3,6.0,101325.0,101325.0,3534.0,5562.0,3.0
931,398.15,-0.4,6.0,101325.0,101325.0,3534.0,5562.0,3.0
932,398.15,-0.5,6.0,101325.0,101325.0,3534.0,5562.0,3.0
933,398.15,-0.6,6.0,101325.0,101325.0,3534.0,5562.0,3.0
934,398.15,-0.7,6.0,101325.0,101325.0,3534.0,5562.0,3.0
935,398.15,-0.8,6.0,101325.0,101325.0,3534.0,5562.0,3.0
936,298.15,0.0,7.0,101325.0,101325.0,3534.0,5562.0,3.0
937,298.15,-0.1,7.0,101325.0,101325.0,3534.0,5562.0,3.0
938,298.15,-0.2,7.0,101325.0,101325.0,3534.0,5562.0,3.0
939,298.15,-0.3,7.0,101325.0,101325.0,3534.0,5562.0,3.0
940,298.15,-0.4,7.0,101325.0,101325.0,3534.0,5562.0,3.0
941,298.15,-0.5,7.0,101325.0,101325.0,3534.0,5562.0,3.0
942,298.15,-0.6,7.0,101325.0,101325.0,3534.0,5562.0,3.0
943,298.15,-0.7,7.0,101325.0,101325.0,3534.0,5562.0,3.0
944,298.15,-0.8,7.0,101325.0,101325.0,3534.0,5562.0,3.0
945,398.15,0.0,7.0,101325.0,101325.0,3534.0,5562.0,3.0
946,398.15,-0.1,7.0,101325.0,101325.0,3534.0,5562.0,3.0
947,398.15,-0.2,7.0,101325.0,101325.0,3534.0,5562.0,3.0
948,398.15,-0.3,7.0,101325.0,101325.0,3534.0,5562.0,3.0
949,398.15,-0.4,7.0,101325.0,101325.0,3534.0,5562.0,3.0
950,398.15,-0.5,7.0,101325.0,101325.0,3534.0,5562.0,3.0
951,398.15,-0.6,7.0,101325.0,101325.0,3534.0,5562.0,3.0
952,398.15,-0.7,7.0,101325.0,101325.0,3534.0,5562.0,3.0
953,398.15,-0.8,7.0,101325.0,101325.0,3534.0,5562.0,3.0
954,298.15,0.0,8.0,101325.0,101325.0,3534.0,5562.0,3.0
955,298.15,-0.1,8.0,101325.0,101325.0,3534.0,5562.0,3.0
956,298.15,-0.2,8.0,101325.0,101325.0,3534.0,5562.0,3.0
957,298.15,-0.3,8.0,101325.0,101325.0,3534.0,5562.0,3.0
958,298.15,-0.4,8.0,101325.0,101325.0,3534.0,5562.0,3.0
959,298.15,-0.5,8.0,101325.0,101325.0,3534.0,5562.0,3.0
960,298.15,-0.6,8.0,101325.0,101325.0,3534.0,5562.0,3.0
961,298.15,-0.7,8.0,101325.0,101325.0,3534.0,5562.0,3.0
962,298.15,-0.8,8.0,101325.0,101325.0,3534.0,5562.0,3.0
963,398.15,0.0,8.0,101325.0,101325.0,3534.0,5562.0,3.0
964,398.15,-0.1,8.0,101325.0,101325.0,3534.0,5562.0,3.0
965,398.15,-0.2,8.0,101325.0,101325.0,3534.0,5562.0,3.0
966,398.15,-0.3,8.0,101325.0,101325.0,3534.0,5562.0,3.0
967,398.15,-0.4,8.0,101325.0,101325.0,3534.0,5562.0,3.0
968,398.15,-0.5,8.0,101325.0,101325.0,3534.0,5562.0,3.0
969,398.15,-0.6,8.0,101325.0,101325.0,3534.0,5562.0,3.0
970,398.15,-0.7,8.0,101325.0,101325.0,3534.0,5562.0,3.0
971,398.15,-0.8,8.0,101325.0,101325.0,3534.0,5562.0,3.0
972,298.15,0.0,9.0,101325.0,101325.0,3534.0,5562.0,3.0
973,298.15,-0.1,9.0,101325.0,101325.0,3534.0,5562.0,3.0
974,298.15,-0.2,9.0,101325.0,101325.0,3534.0,5562.0,3.0
975,298.15,-0.3,9.0,101325.0,101325.0,3534.0,5562.0,3.0
976,298.15,-0.4,9.0,101325.0,101325.0,3534.0,5562.0,3.0
977,298.15,-0.5,9.0,101325.0,101325.0,3534.0,5562.0,3.0
978,298.15,-0.6,9.0,101325.0,101325.0,3534.0,5562.0,3.0
979,298.15,-0.7,9.0,101325.0,101325.0,3534.0,5562.0,3.0
980,298.15,-0.8,9.0,101325.0,101325.0,3534.0,5562.0,3.0
981,398.15,0.0,9.0,101325.0,101325.0,3534.0,5562.0,3.0
982,398.15,-0.1,9.0,101325.0,101325.0,3534.0,5562.0,3.0
983,398.15,-0.2,9.0,101325.0,101325.0,3534.0,5562.0,3.0
984,398.15,-0.3,9.0,101325.0,101325.0,3534.0,5562.0,3.0
985,398.15,-0.4,9.0,101325.0,101325.0,3534.0,5562.0,3.0
986,398.15,-0.5,9.0,101325.0,101325.0,3534.0,5562.0,3.0
987,398.15,-0.6,9.0,101325.0,101325.0,3534.0,5562.0,3.0
988,398.15,-0.7,9.0,101325.0,101325.0,3534.0,5562.0,3.0
989,398.15,-0.8,9.0,101325.0,101325.0,3534.0,5562.0,3.0
990,298.15,0.0,10.0,101325.0,101325.0,3534.0,5562.0,3.0
991,298.15,-0.1,10.0,101325.0,101325.0,3534.0,5562.0,3.0
992,298.15,-0.2,10.0,101325.0,101325.0,3534.0,5562.0,3.0
993,298.15,-0.3,10.0,101325.0,101325.0,3534.0,5562.0,3.0
994,298.15,-0.4,10.0,101325.0,101325.0,3534.0,5562.0,3.0
995,298.15,-0.5,10.0,101325.0,101325.0,3534.0,5562.0,3.0
996,298.15,-0.6,10.0,101325.0,101325.0,3534.0,5562.0,3.0
997,298.15,-0.7,10.0,101325.0,101325.0,3534.0,5562.0,3.0
998,298.15,-0.8,10.0,101325.0,101325.0,3534.0,5562.0,3.0
999,398.15,0.0,10.0,101325.0,101325.0,3534.0,5562.0,3.0
1000,398.15,-0.1,10.0,101325.0,101325.0,3534.0,5562.0,3.0
1001,398.15,-0.2,10.0,101325.0,101325.0,3534.0,5562.0,3.0
1002,398.15,-0.3,10.0,101325.0,101325.0,3534.0,5562.0,3.0
1003,398.15,-0.4,10.0,101325.0,101325.0,3534.0,5562.0,3.0
1004,398.15,-0.5,10.0,101325.0,101325.0,3534.0,5562.0,3.0
1005,398.15,-0.6,10.0,101325.0,101325.0,3534.0,5562.0,3.0
1006,398.15,-0.7,10.0,101325.0,101325.0,3534.0,5562.0,3.0
1007,398.15,-0.8,10.0,101325.0,101325.0,3534.0,5562.0,3.0
1008,298.15,0.0,11.0,101325.0,101325.0,3534.0,5562.0,3.0
1009,298.15,-0.1,11.0,101325.0,101325.0,3534.0,5562.0,3.0
1010,298.15,-0.2,11.0,101325.0,101325.0,3534.0,5562.0,3.0
1011,298.15,-0.3,11.0,101325.0,101325.0,3534.0,5562.0,3.0
1012,298.15,-0.4,11.0,101325.0,101325.0,3534.0,5562.0,3.0
1013,298.15,-0.5,11.0,101325.0,101325.0,3534.0,5562.0,3.0
1014,298.15,-0.6,11.0,101325.0,101325.0,3534.0,5562.0,3.0
1015,298.15,-0.7,11.0,101325.0,101325.0,3534.0,5562.0,3.0
1016,298.15,-0.8,11.0,101325.0,101325.0,3534.0,5562.0,3.0
1017,398.15,0.0,11.0,101325.0,101325.0,3534.0,5562.0,3.0
1018,398.15,-0.1,11.0,101325.0,101325.0,3534.0,5562.0,3.0
1019,398.15,-0.2,11.0,101325.0,101325.0,3534.0,5562.0,3.0
1020,398.15,-0.3,11.0,101325.0,101325.0,3534.0,5562.0,3.0
1021,398.15,-0.4,11.0,101325.0,101325.0,3534.0,5562.0,3.0
1022,398.15,-0.5,11.0,101325.0,101325.0,3534.0,5562.0,3.0
1023,398.15,-0.6,11.0,101325.0,101325.0,3534.0,5562.0,3.0
1024,398.15,-0.7,11.0,101325.0,101325.0,3534.0,5562.0,3.0
1025,398.15,-0.8,11.0,101325.0,101325.0,3534.0,5562.0,3.0
1026,298.15,0.0,12.0,101325.0,101325.0,3534.0,5562.0,3.0
1027,298.15,-0.1,12.0,101325.0,101325.0,3534.0,5562.0,3.0
1028,298.15,-0.2,12.0,101325.0,101325.0,3534.0,5562.0,3.0
1029,298.15,-0.3,12.0,101325.0,101325.0,3534.0,5562.0,3.0
1030,298.15,-0.4,12.0,101325.0,101325.0,3534.0,5562.0,3.0
1031,298.15,-0.5,12.0,101325.0,101325.0,3534.0,5562.0,3.0
1032,298.15,-0.6,12.0,101325.0,101325.0,3534.0,5562.0,3.0
1033,298.15,-0.7,12.0,101325.0,101325.0,3534.0,5562.0,3.0
1034,298.15,-0.8,12.0,101325.0,101325.0,3534.0,5562.0,3.0
1035,398.15,0.0,12.0,101325.0,101325.0,3534.0,5562.0,3.0
1036,398.15,-0.1,12.0,101325.0,101325.0,3534.0,5562.0,3.0
1037,398.15,-0.2,12.0,101325.0,101325.0,3534.0,5562.0,3.0
1038,398.15,-0.3,12.0,101325.0,101325.0,3534.0,5562.0,3.0
1039,398.15,-0.4,12.0,101325.0,101325.0,3534.0,5562.0,3.0
1040,398.15,-0.5,12.0,101325.0,101325.0,3534.0,5562.0,3.0
1041,398.15,-0.6,12.0,101325.0,101325.0,3534.0,5562.0,3.0
1042,398.15,-0.7,12.0,101325.0,101325.0,3534.0,5562.0,3.0
1043,398.15,-0.8,12.0,101325.0,101325.0,3534.0,5562.0,3.0
1044,298.15,0.0,13.0,101325.0,101325.0,3534.0,5562.0,3.0
1045,298.15,-0.1,13.0,101325.0,101325.0,3534.0,5562.0,3.0
1046,298.15,-0.2,13.0,101325.0,101325.0,3534.0,5562.0,3.0
1047,298.15,-0.3,13.0,101325.0,101325.0,3534.0,5562.0,3.0
1048,298.15,-0.4,13.0,101325.0,101325.0,3534.0,5562.0,3.0
1049,298.15,-0.5,13.0,101325.0,101325.0,3534.0,5562.0,3.0
1050,298.15,-0.6,13.0,101325.0,101325.0,3534.0,5562.0,3.0
1051,298.15,-0.7,13.0,101325.0,101325.0,3534.0,5562.0,3.0
1052,298.15,-0.8,13.0,101325.0,101325.0,3534.0,5562.0,3.0
1053,398.15,0.0,13.0,101325.0,101325.0,3534.0,5562.0,3.0
1054,398.15,-0.1,13.0,101325.0,101325.0,3534.0,5562.0,3.0
1055,398.15,-0.2,13.0,101325.0,101325.0,3534.0,5562.0,3.0
1056,398.15,-0.3,13.0,101325.0,101325.0,3534.0,5562.0,3.0
1057,398.15,-0.4,13.0,101325.0,101325.0,3534.0,5562.0,3.0
1058,398.15,-0.5,13.0,101325.0,101325.0,3534.0,5562.0,3.0
1059,398.15,-0.6,13.0,101325.0,101325.0,3534.0,5562.0,3.0
1060,398.15,-0.7,13.0,101325.0,101325.0,3534.0,5562.0,3.0
1061,398.15,-0.8,13.0,101325.0,101325.0,3534.0,5562.0,3.0
1062,298.15,0.0,14.0,101325.0,101325.0,3534.0,5562.0,3.0
1063,298.15,-0.1,14.0,101325.0,101325.0,3534.0,5562.0,3.0
1064,298.15,-0.2,14.0,101325.0,101325.0,3534.0,5562.0,3.0
1065,298.15,-0.3,14.0,101325.0,101325.0,3534.0,5562.0,3.0
1066,298.15,-0.4,14.0,101325.0,101325.0,3534.0,5562.0,3.0
1067,298.15,-0.5,14.0,101325.0,101325.0,3534.0,5562.0,3.0
1068,298.15,-0.6,14.0,101325.0,101325.0,3534.0,5562.0,3.0
1069,298.15,-0.7,14.0,101325.0,101325.0,3534.0,5562.0,3.0
1070,298.15,-0.8,14.0,101325.0,101325.0,3534.0,5562.0,3.0
1071,398.15,0.0,14.0,101325.0,101325.0,3534.0,5562.0,3.0
1072,398.15,-0.1,14.0,101325.0,101325.0,3534.0,5562.0,3.0
1073,398.15,-0.2,14.0,101325.0,101325.0,3534.0,5562.0,3.0
1074,398.15,-0.3,14.0,101325.0,101325.0,3534.0,5562.0,3.0
1075,398.15,-0.4,14.0,101325.0,101325.0,3534.0,5562.0,3.0
1076,398.15,-0.5,14.0,101325.0,101325.0,3534.0,5562.0,3.0
1077,398.15,-0.6,14.0,101325.0,101325.0,3534.0,5562.0,3.0
1078,398.15,-0.7,14.0,101325.0,101325.0,3534.0,5562.0,3.0
1079,398.15,-0.8,14.0,101325.0,101325.0,3534.0,5562.0,3.0
1080,298.15,0.0,0.0,101325.0,101325.0,3534.0,5562.0,4.0
1081,298.15,-0.1,0.0,101325.0,101325.0,3534.0,5562.0,4.0
1082,298.15,-0.2,0.0,101325.0,101325.0,3534.0,5562.0,4.0
1083,298.15,-0.3,0.0,101325.0,101325.0,3534.0,5562.0,4.0
1084,298.15,-0.4,0.0,101325.0,101325.0,3534.0,5562.0,4.0
1085,298.15,-0.5,0.0,101325.0,101325.0,3534.0,5562.0,4.0
1086,298.15,-0.6,0.0,101325.0,101325.0,3534.0,5562.0,4.0
1087,298.15,-0.7,0.0,101325.0,101325.0,3534.0,5562.0,4.0
1088,298.15,-0.8,0.0,101325.0,101325.0,3534.0,5562.0,4.0
1089,398.15,0.0,0.0,101325.0,101325.0,3534.0,5562.0,4.0
1090,398.15,-0.1,0.0,101325.0,101325.0,3534.0,5562.0,4.0
1091,398.15,-0.2,0.0,101325.0,101325.0,3534.0,5562.0,4.0
1092,398.15,-0.3,0.0,101325.0,101325.0,3534.0,5562.0,4.0
1093,398.15,-0.4,0.0,101325.0,101325.0,3534.0,5562.0,4.0
1094,398.15,-0.5,0.0,101325.0,101325.0,3534.0,5562.0,4.0
1095,398.15,-0.6,0.0,101325.0,101325.0,3534.0,5562.0,4.0
1096,398.15,-0.7,0.0,101325.0,101325.0,3534.0,5562.0,4.0
1097,398.15,-0.8,0.0,101325.0,101325.0,3534.0,5562.0,4.0
1098,298.15,0.0,1.0,101325.0,101325.0,3534.0,5562.0,4.0
1099,298.15,-0.1,1.0,101325.0,101325.0,3534.0,5562.0,4.0
1100,298.15,-0.2,1.0,101325.0,101325.0,3534.0,5562.0,4.0
1101,298.15,-0.3,1.0,101325.0,101325.0,3534.0,5562.0,4.0
1102,298.15,-0.4,1.0,101325.0,101325.0,3534.0,5562.0,4.0
1103,298.15,-0.5,1.0,101325.0,101325.0,3534.0,5562.0,4.0
1104,298.15,-0.6,1.0,101325.0,101325.0,3534.0,5562.0,4.0
1105,298.15,-0.7,1.0,101325.0,101325.0,3534.0,5562.0,4.0
1106,298.15,-0.8,1.0,101325.0,101325.0,3534.0,5562.0,4.0
1107,398.15,0.0,1.0,101325.0,101325.0,3534.0,5562.0,4.0
1108,398.15,-0.1,1.0,101325.0,101325.0,3534.0,5562.0,4.0
1109,398.15,-0.2,1.0,101325.0,101325.0,3534.0,5562.0,4.0
1110,398.15,-0.3,1.0,101325.0,101325.0,3534.0,5562.0,4.0
1111,398.15,-0.4,1.0,101325.0,101325.0,3534.0,5562.0,4.0
1112,398.15,-0.5,1.0,101325.0,101325.0,3534.0,5562.0,4.0
1113,398.15,-0.6,1.0,101325.0,101325.0,3534.0,5562.0,4.0
1114,398.15,-0.7,1.0,101325.0,101325.0,3534.0,5562.0,4.0
1115,398.15,-0.8,1.0,101325.0,101325.0,3534.0,5562.0,4.0
1116,298.15,0.0,2.0,101325.0,101325.0,3534.0,5562.0,4.0
1117,298.15,-0.1,2.0,101325.0,101325.0,3534.0,5562.0,4.0
1118,298.15,-0.2,2.0,101325.0,101325.0,3534.0,5562.0,4.0
1119,298.15,-0.3,2.0,101325.0,101325.0,3534.0,5562.0,4.0
1120,298.15,-0.4,2.0,101325.0,101325.0,3534.0,5562.0,4.0
1121,298.15,-0.5,2.0,101325.0,101325.0,3534.0,5562.0,4.0
1122,298.15,-0.6,2.0,101325.0,101325.0,3534.0,5562.0,4.0
1123,298.15,-0.7,2.0,101325.0,101325.0,3534.0,5562.0,4.0
1124,298.15,-0.8,2.0,101325.0,101325.0,3534.0,5562.0,4.0
1125,398.15,0.0,2.0,101325.0,101325.0,3534.0,5562.0,4.0
1126,398.15,-0.1,2.0,101325.0,101325.0,3534.0,5562.0,4.0
1127,398.15,-0.2,2.0,101325.0,101325.0,3534.0,5562.0,4.0
1128,398.15,-0.3,2.0,101325.0,101325.0,3534.0,5562.0,4.0
1129,398.15,-0.4,2.0,101325.0,101325.0,3534.0,5562.0,4.0
1130,398.15,-0.5,2.0,101325.0,101325.0,3534.0,5562.0,4.0
1131,398.15,-0.6,2.0,101325.0,101325.0,3534.0,5562.0,4.0
1132,398.15,-0.7,2.0,101325.0,101325.0,3534.0,5562.0,4.0
1133,398.15,-0.8,2.0,101325.0,101325.0,3534.0,5562.0,4.0
1134,298.15,0.0,3.0,101325.0,101325.0,3534.0,5562.0,4.0
1135,298.15,-0.1,3.0,101325.0,101325.0,3534.0,5562.0,4.0
1136,298.15,-0.2,3.0,101325.0,101325.0,3534.0,5562.0,4.0
1137,298.15,-0.3,3.0,101325.0,101325.0,3534.0,5562.0,4.0
1138,298.15,-0.4,3.0,101325.0,101325.0,3534.0,5562.0,4.0
1139,298.15,-0.5,3.0,101325.0,101325.0,3534.0,5562.0,4.0
1140,298.15,-0.6,3.0,101325.0,101325.0,3534.0,5562.0,4.0
1141,298.15,-0.7,3.0,101325.0,101325.0,3534.0,5562.0,4.0
1142,298.15,-0.8,3.0,101325.0,101325.0,3534.0,5562.0,4.0
1143,398.15,0.0,3.0,101325.0,101325.0,3534.0,5562.0,4.0
1144,398.15,-0.1,3.0,101325.0,101325.0,3534.0,5562.0,4.0
1145,398.15,-0.2,3.0,101325.0,101325.0,3534.0,5562.0,4.0
1146,398.15,-0.3,3.0,101325.0,101325.0,3534.0,5562.0,4.0
1147,398.15,-0.4,3.0,101325.0,101325.0,3534.0,5562.0,4.0
1148,398.15,-0.5,3.0,101325.0,101325.0,3534.0,5562.0,4.0
1149,398.15,-0.6,3.0,101325.0,101325.0,3534.0,5562.0,4.0
1150,398.15,-0.7,3.0,101325.0,101325.0,3534.0,5562.0,4.0
1151,398.15,-0.8,3.0,101325.0,101325.0,3534.0,5562.0,4.0
1152,298.15,0.0,4.0,101325.0,101325.0,3534.0,5562.0,4.0
1153,298.15,-0.1,4.0,101325.0,101325.0,3534.0,5562.0,4.0
1154,298.15,-0.2,4.0,101325.0,101325.0,3534.0,5562.0,4.0
1155,298.15,-0.3,4.0,101325.0,101325.0,3534.0,5562.0,4.0
1156,298.15,-0.4,4.0,101325.0,101325.0,3534.0,5562.0,4.0
1157,298.15,-0.5,4.0,101325.0,101325.0,3534.0,5562.0,4.0
1158,298.15,-0.6,4.0,101325.0,101325.0,3534.0,5562.0,4.0
1159,298.15,-0.7,4.0,101325.0,101325.0,3534.0,5562.0,4.0
1160,298.15,-0.8,4.0,101325.0,101325.0,3534.0,5562.0,4.0
1161,398.15,0.0,4.0,101325.0,101325.0,3534.0,5562.0,4.0
1162,398.15,-0.1,4.0,101325.0,101325.0,3534.0,5562.0,4.0
1163,398.15,-0.2,4.0,101325.0,101325.0,3534.0,5562.0,4.0
1164,398.15,-0.3,4.0,101325.0,101325.0,3534.0,5562.0,4.0
1165,398.15,-0.4,4.0,101325.0,101325.0,3534.0,5562.0,4.0
1166,398.15,-0.5,4.0,101325.0,101325.0,3534.0,5562.0,4.0
1167,398.15,-0.6,4.0,101325.0,101325.0,3534.0,5562.0,4.0
1168,398.15,-0.7,4.0,101325.0,101325.0,3534.0,5562.0,4.0
1169,398.15,-0.8,4.0,101325.0,101325.0,3534.0,5562.0,4.0
1170,298.15,0.0,5.0,101325.0,101325.0,3534.0,5562.0,4.0
1171,298.15,-0.1,5.0,101325.0,101325.0,3534.0,5562.0,4.0
1172,298.15,-0.2,5.0,101325.0,101325.0,3534.0,5562.0,4.0
1173,298.15,-0.3,5.0,101325.0,101325.0,3534.0,5562.0,4.0
1174,298.15,-0.4,5.0,101325.0,101325.0,3534.0,5562.0,4.0
1175,298.15,-0.5,5.0,101325.0,101325.0,3534.0,5562.0,4.0
1176,298.15,-0.6,5.0,101325.0,101325.0,3534.0,5562.0,4.0
1177,298.15,-0.7,5.0,101325.0,101325.0,3534.0,5562.0,4.0
1178,298.15,-0.8,5.0,101325.0,101325.0,3534.0,5562.0,4.0
1179,398.15,0.0,5.0,101325.0,101325.0,3534.0,5562.0,4.0
1180,398.15,-0.1,5.0,101325.0,101325.0,3534.0,5562.0,4.0
1181,398.15,-0.2,5.0,101325.0,101325.0,3534.0,5562.0,4.0
1182,398.15,-0.3,5.0,101325.0,101325.0,3534.0,5562.0,4.0
1183,398.15,-0.4,5.0,101325.0,101325.0,3534.0,5562.0,4.0
1184,398.15,-0.5,5.0,101325.0,101325.0,3534.0,5562.0,4.0
1185,398.15,-0.6,5.0,101325.0,101325.0,3534.0,5562.0,4.0
1186,398.15,-0.7,5.0,101325.0,101325.0,3534.0,5562.0,4.0
1187,398.15,-0.8,5.0,101325.0,101325.0,3534.0,5562.0,4.0
1188,298.15,0.0,6.0,101325.0,101325.0,3534.0,5562.0,4.0
1189,298.15,-0.1,6.0,101325.0,101325.0,3534.0,5562.0,4.0
1190,298.15,-0.2,6.0,101325.0,101325.0,3534.0,5562.0,4.0
1191,298.15,-0.3,6.0,101325.0,101325.0,3534.0,5562.0,4.0
1192,298.15,-0.4,6.0,101325.0,101325.0,3534.0,5562.0,4.0
1193,298.15,-0.5,6.0,101325.0,101325.0,3534.0,5562.0,4.0
1194,298.15,-0.6,6.0,101325.0,101325.0,3534.0,5562.0,4.0
1195,298.15,-0.7,6.0,101325.0,101325.0,3534.0,5562.0,4.0
1196,298.15,-0.8,6.0,101325.0,101325.0,3534.0,5562.0,4.0
1197,398.15,0.0,6.0,101325.0,101325.0,3534.0,5562.0,4.0
1198,398.15,-0.1,6.0,101325.0,101325.0,3534.0,5562.0,4.0
1199,398.15,-0.2,6.0,101325.0,101325.0,3534.0,5562.0,4.0
1200,398.15,-0.3,6.0,101325.0,101325.0,3534.0,5562.0,4.0
1201,398.15,-0.4,6.0,101325.0,101325.0,3534.0,5562.0,4.0
1202,398.15,-0.5,6.0,101325.0,101325.0,3534.0,5562.0,4.0
1203,398.15,-0.6,6.0,101325.0,101325.0,3534.0,5562.0,4.0
1204,398.15,-0.7,6.0,101325.0,101325.0,3534.0,5562.0,4.0
1205,398.15,-0.8,6.0,101325.0,101325.0,3534.0,5562.0,4.0
1206,298.15,0.0,7.0,101325.0,101325.0,3534.0,5562.0,4.0
1207,298.15,-0.1,7.0,101325.0,101325.0,3534.0,5562.0,4.0
1208,298.15,-0.2,7.0,101325.0,101325.0,3534.0,5562.0,4.0
1209,298.15,-0.3,7.0,101325.0,101325.0,3534.0,5562.0,4.0
1210,298.15,-0.4,7.0,101325.0,101325.0,3534.0,5562.0,4.0
1211,298.15,-0.5,7.0,101325.0,101325.0,3534.0,5562.0,4.0
1212,298.15,-0.6,7.0,101325.0,101325.0,3534.0,5562.0,4.0
1213,298.15,-0.7,7.0,101325.0,101325.0,3534.0,5562.0,4.0
1214,298.15,-0.8,7.0,101325.0,101325.0,3534.0,5562.0,4.0
1215,398.15,0.0,7.0,101325.0,101325.0,3534.0,5562.0,4.0
1216,398.15,-0.1,7.0,101325.0,101325.0,3534.0,5562.0,4.0
1217,398.15,-0.2,7.0,101325.0,101325.0,3534.0,5562.0,4.0
1218,398.15,-0.3,7.0,101325.0,101325.0,3534.0,5562.0,4.0
1219,398.15,-0.4,7.0,101325.0,101325.0,3534.0,5562.0,4.0
1220,398.15,-0.5,7.0,101325.0,101325.0,3534.0,5562.0,4.0
1221,398.15,-0.6,7.0,101325.0,101325.0,3534.0,5562.0,4.0
1222,398.15,-0.7,7.0,101325.0,101325.0,3534.0,5562.0,4.0
1223,398.15,-0.8,7.0,101325.0,101325.0,3534.0,5562.0,4.0
1224,298.15,0.0,8.0,101325.0,101325.0,3534.0,5562.0,4.0
1225,298.15,-0.1,8.0,101325.0,101325.0,3534.0,5562.0,4.0
1226,298.15,-0.2,8.0,101325.0,101325.0,3534.0,5562.0,4.0
1227,298.15,-0.3,8.0,101325.0,101325.0,3534.0,5562.0,4.0
1228,298.15,-0.4,8.0,101325.0,101325.0,3534.0,5562.0,4.0
1229,298.15,-0.5,8.0,101325.0,101325.0,3534.0,5562.0,4.0
1230,298.15,-0.6,8.0,101325.0,101325.0,3534.0,5562.0,4.0
1231,298.15,-0.7,8.0,101325.0,101325.0,3534.0,5562.0,4.0
1232,298.15,-0.8,8.0,101325.0,101325.0,3534.0,5562.0,4.0
1233,398.15,0.0,8.0,101325.0,101325.0,3534.0,5562.0,4.0
1234,398.15,-0.1,8.0,101325.0,101325.0,3534.0,5562.0,4.0
1235,398.15,-0.2,8.0,101325.0,101325.0,3534.0,5562.0,4.0
1236,398.15,-0.3,8.0,101325.0,101325.0,3534.0,5562.0,4.0
1237,398.15,-0.4,8.0,101325.0,101325.0,3534.0,5562.0,4.0
1238,398.15,-0.5,8.0,101325.0,101325.0,3534.0,5562.0,4.0
1239,398.15,-0.6,8.0,101325.0,101325.0,3534.0,5562.0,4.0
1240,398.15,-0.7,8.0,101325.0,101325.0,3534.0,5562.0,4.0
1241,398.15,-0.8,8.0,101325.0,101325.0,3534.0,5562.0,4.0
1242,298.15,0.0,9.0,101325.0,101325.0,3534.0,5562.0,4.0
1243,298.15,-0.1,9.0,101325.0,101325.0,3534.0,5562.0,4.0
1244,298.15,-0.2,9.0,101325.0,101325.0,3534.0,5562.0,4.0
1245,298.15,-0.3,9.0,101325.0,101325.0,3534.0,5562.0,4.0
1246,298.15,-0.4,9.0,101325.0,101325.0,3534.0,5562.0,4.0
1247,298.15,-0.5,9.0,101325.0,101325.0,3534.0,5562.0,4.0
1248,298.15,-0.6,9.0,101325.0,101325.0,3534.0,5562.0,4.0
1249,298.15,-0.7,9.0,101325.0,101325.0,3534.0,5562.0,4.0
1250,298.15,-0.8,9.0,101325.0,101325.0,3534.0,5562.0,4.0
1251,398.15,0.0,9.0,101325.0,101325.0,3534.0,5562.0,4.0
1252,398.15,-0.1,9.0,101325.0,101325.0,3534.0,5562.0,4.0
1253,398.15,-0.2,9.0,101325.0,101325.0,3534.0,5562.0,4.0
1254,398.15,-0.3,9.0,101325.0,101325.0,3534.0,5562.0,4.0
1255,398.15,-0.4,9.0,101325.0,101325.0,3534.0,5562.0,4.0
1256,398.15,-0.5,9.0,101325.0,101325.0,3534.0,5562.0,4.0
1257,398.15,-0.6,9.0,101325.0,101325.0,3534.0,5562.0,4.0
1258,398.15,-0.7,9.0,101325.0,101325.0,3534.0,5562.0,4.0
1259,398.15,-0.8,9.0,101325.0,101325.0,3534.0,5562.0,4.0
1260,298.15,0.0,10.0,101325.0,101325.0,3534.0,5562.0,4.0
1261,298.15,-0.1,10.0,101325.0,101325.0,3534.0,5562.0,4.0
1262,298.15,-0.2,10.0,101325.0,101325.0,3534.0,5562.0,4.0
1263,298.15,-0.3,10.0,101325.0,101325.0,3534.0,5562.0,4.0
1264,298.15,-0.4,10.0,101325.0,101325.0,3534.0,5562.0,4.0
1265,298.15,-0.5,10.0,101325.0,101325.0,3534.0,5562.0,4.0
1266,298.15,-0.6,10.0,101325.0,101325.0,3534.0,5562.0,4.0
1267,298.15,-0.7,10.0,101325.0,101325.0,3534.0,5562.0,4.0
1268,298.15,-0.8,10.0,101325.0,101325.0,3534.0,5562.0,4.0
1269,398.15,0.0,10.0,101325.0,101325.0,3534.0,5562.0,4.0
1270,398.15,-0.1,10.0,101325.0,101325.0,3534.0,5562.0,4.0
1271,398.15,-0.2,10.0,101325.0,101325.0,3534.0,5562.0,4.0
1272,398.15,-0.3,10.0,101325.0,101325.0,3534.0,5562.0,4.0
1273,398.15,-0.4,10.0,101325.0,101325.0,3534.0,5562.0,4.0
1274,398.15,-0.5,10.0,101325.0,101325.0,3534.0,5562.0,4.0
1275,398.15,-0.6,10.0,101325.0,101325.0,3534.0,5562.0,4.0
1276,398.15,-0.7,10.0,101325.0,101325.0,3534.0,5562.0,4.0
1277,398.15,-0.8,10.0,101325.0,101325.0,3534.0,5562.0,4.0
1278,298.15,0.0,11.0,101325.0,101325.0,3534.0,5562.0,4.0
1279,298.15,-0.1,11.0,101325.0,101325.0,3534.0,5562.0,4.0
1280,298.15,-0.2,11.0,101325.0,101325.0,3534.0,5562.0,4.0
1281,298.15,-0.3,11.0,101325.0,101325.0,3534.0,5562.0,4.0
1282,298.15,-0.4,11.0,101325.0,101325.0,3534.0,5562.0,4.0
1283,298.15,-0.5,11.0,101325.0,101325.0,3534.0,5562.0,4.0
1284,298.15,-0.6,11.0,101325.0,101325.0,3534.0,5562.0,4.0
1285,298.15,-0.7,11.0,101325.0,101325.0,3534.0,5562.0,4.0
1286,298.15,-0.8,11.0,101325.0,101325.0,3534.0,5562.0,4.0
1287,398.15,0.0,11.0,101325.0,101325.0,3534.0,5562.0,4.0
1288,398.15,-0.1,11.0,101325.0,101325.0,3534.0,5562.0,4.0
1289,398.15,-0.2,11.0,101325.0,101325.0,3534.0,5562.0,4.0
1290,398.15,-0.3,11.0,101325.0,101325.0,3534.0,5562.0,4.0
1291,398.15,-0.4,11.0,101325.0,101325.0,3534.0,5562.0,4.0
1292,398.15,-0.5,11.0,101325.0,101325.0,3534.0,5562.0,4.0
1293,398.15,-0.6,11.0,101325.0,101325.0,3534.0,5562.0,4.0
1294,398.15,-0.7,11.0,101325.0,101325.0,3534.0,5562.0,4.0
1295,398.15,-0.8,11.0,101325.0,101325.0,3534.0,5562.0,4.0
1296,298.15,0.0,12.0,101325.0,101325.0,3534.0,5562.0,4.0
1297,298.15,-0.1,12.0,101325.0,101325.0,3534.0,5562.0,4.0
1298,298.15,-0.2,12.0,101325.0,101325.0,3534.0,5562.0,4.0
1299,298.15,-0.3,12.0,101325.0,101325.0,3534.0,5562.0,4.0
1300,298.15,-0.4,12.0,101325.0,101325.0,3534.0,5562.0,4.0
1301,298.15,-0.5,12.0,101325.0,101325.0,3534.0,5562.0,4.0
1302,298.15,-0.6,12.0,101325.0,101325.0,3534.0,5562.0,4.0
1303,298.15,-0.7,12.0,101325.0,101325.0,3534.0,5562.0,4.0
1304,298.15,-0.8,12.0,101325.0,101325.0,3534.0,5562.0,4.0
1305,398.15,0.0,12.0,101325.0,101325.0,3534.0,5562.0,4.0
1306,398.15,-0.1,12.0,101325.0,101325.0,3534.0,5562.0,4.0
1307,398.15,-0.2,12.0,101325.0,101325.0,3534.0,5562.0,4.0
1308,398.15,-0.3,12.0,101325.0,101325.0,3534.0,5562.0,4.0
1309,398.15,-0.4,12.0,101325.0,101325.0,3534.0,5562.0,4.0
1310,398.15,-0.5,12.0,101325.0,101325.0,3534.0,5562.0,4.0
1311,398.15,-0.6,12.0,101325.0,101325.0,3534.0,5562.0,4.0
1312,398.15,-0.7,12.0,101325.0,101325.0,3534.0,5562.0,4.0
1313,398.15,-0.8,12.0,101325.0,101325.0,3534.0,5562.0,4.0
1314,298.15,0.0,13.0,101325.0,101325.0,3534.0,5562.0,4.0
1315,298.15,-0.1,13.0,101325.0,101325.0,3534.0,5562.0,4.0
1316,298.15,-0.2,13.0,101325.0,101325.0,3534.0,5562.0,4.0
1317,298.15,-0.3,13.0,101325.0,101325.0,3534.0,5562.0,4.0
1318,298.15,-0.4,13.0,101325.0,101325.0,3534.0,5562.0,4.0
1319,298.15,-0.5,13.0,101325.0,101325.0,3534.0,5562.0,4.0
1320,298.15,-0.6,13.0,101325.0,101325.0,3534.0,5562.0,4.0
1321,298.15,-0.7,13.0,101325.0,101325.0,3534.0,5562.0,4.0
1322,298.15,-0.8,13.0,101325.0,101325.0,3534.0,5562.0,4.0
1323,398.15,0.0,13.0,101325.0,101325.0,3534.0,5562.0,4.0
1324,398.15,-0.1,13.0,101325.0,101325.0,3534.0,5562.0,4.0
1325,398.15,-0.2,13.0,101325.0,101325.0,3534.0,5562.0,4.0
1326,398.15,-0.3,13.0,101325.0,101325.0,3534.0,5562.0,4.0
1327,398.15,-0.4,13.0,101325.0,101325.0,3534.0,5562.0,4.0
1328,398.15,-0.5,13.0,101325.0,101325.0,3534.0,5562.0,4.0
1329,398.15,-0.6,13.0,101325.0,101325.0,3534.0,5562.0,4.0
1330,398.15,-0.7,13.0,101325.0,101325.0,3534.0,5562.0,4.0
1331,398.15,-0.8,13.0,101325.0,101325.0,3534.0,5562.0,4.0
1332,298.15,0.0,14.0,101325.0,101325.0,3534.0,5562.0,4.0
1333,298.15,-0.1,14.0,101325.0,101325.0,3534.0,5562.0,4.0
1334,298.15,-0.2,14.0,101325.0,101325.0,3534.0,5562.0,4.0
1335,298.15,-0.3,14.0,101325.0,101325.0,3534.0,5562.0,4.0
1336,298.15,-0.4,14.0,101325.0,101325.0,3534.0,5562.0,4.0
1337,298.15,-0.5,14.0,101325.0,101325.0,3534.0,5562.0,4.0
1338,298.15,-0.6,14.0,101325.0,101325.0,3534.0,5562.0,4.0
1339,298.15,-0.7,14.0,101325.0,101325.0,3534.0,5562.0,4.0
1340,298.15,-0.8,14.0,101325.0,101325.0,3534.0,5562.0,4.0
1341,398.15,0.0,14.0,101325.0,101325.0,3534.0,5562.0,4.0
1342,398.15,-0.1,14.0,101325.0,101325.0,3534.0,5562.0,4.0
1343,398.15,-0.2,14.0,101325.0,101325.0,3534.0,5562.0,4.0
1344,398.15,-0.3,14.0,101325.0,101325.0,3534.0,5562.0,4.0
1345,398.15,-0.4,14.0,101325.0,101325.0,3534.0,5562.0,4.0
1346,398.15,-0.5,14.0,101325.0,101325.0,3534.0,5562.0,4.0
1347,398.15,-0.6,14.0,101325.0,101325.0,3534.0,5562.0,4.0
1348,398.15,-0.7,14.0,101325.0,101325.0,3534.0,5562.0,4.0
1349,398.15,-0.8,14.0,101325.0,101325.0,3534.0,5562.0,4.0
